ix,Source,Target,count
0,Adam Boyton,Anthony Albanese,1
1,Adam Boyton,Dame Quentin Bryce,1
2,Adam Boyton,Gail Kelly,1
3,Adam Boyton,Julia Gillard,1
4,Adam Boyton,Justice Susan Kiefel,1
5,Adam Boyton,Luci Ellis,1
6,Adam Boyton,Michele Bullock,1
7,Adam Boyton,Philip Lowe,1
8,Alan Tudge,Alex Hawke,4
9,Alan Tudge,Andrew Hirst,4
10,Alan Tudge,Anthony Albanese,4
11,Alan Tudge,Cameron Caldwell,4
12,Alan Tudge,Gary Ramage,2
13,Alan Tudge,Ian Meikle,1
14,Alan Tudge,Jason Falinski,4
15,Alan Tudge,Jeremy Rockliff,4
16,Alan Tudge,John Olsen,4
17,Alan Tudge,John Pesutto,4
18,Alan Tudge,Kevin Bonham,4
19,Alan Tudge,Mary Doyle,4
20,Alan Tudge,Michelle Grattan,2
21,Alan Tudge,Scott Morrison,4
22,Alan Tudge,Sitthixay Ditthavong,2
23,Alex Hawke,Andrew Hirst,4
24,Alex Hawke,Gary Ramage,2
25,Alex Hawke,Ian Meikle,1
26,Alex Hawke,Jason Falinski,4
27,Alex Hawke,Jeremy Rockliff,4
28,Alex Hawke,John Olsen,4
29,Alex Hawke,John Pesutto,4
30,Alex Hawke,Michelle Grattan,2
31,Alex Hawke,Scott Morrison,4
32,Amanda Sloat,Dmitry Medvedev,1
33,Amanda Sloat,Jake Sullivan,1
34,Amanda Sloat,Serhiy Popko,1
35,America Atlantic,America Pacific,1
36,America Atlantic,Anthony Albanese,1
37,America Atlantic,Celia Mendoza,1
38,America Atlantic,Chris Hipkins,1
39,America Atlantic,Fumio Kishida,1
40,America Atlantic,Jens Stoltenberg,1
41,America Atlantic,Joe Biden,1
42,America Atlantic,Jorge Agobian,1
43,America Atlantic,Mark Kennedy,1
44,America Atlantic,Wang Wenbin,1
45,America Atlantic,Yoon Suk Yeol,1
46,America Pacific,Anthony Albanese,1
47,America Pacific,Celia Mendoza,1
48,America Pacific,Chris Hipkins,1
49,America Pacific,Fumio Kishida,1
50,America Pacific,Jens Stoltenberg,1
51,America Pacific,Joe Biden,1
52,America Pacific,Jorge Agobian,1
53,America Pacific,Mark Kennedy,1
54,America Pacific,Wang Wenbin,1
55,America Pacific,Yoon Suk Yeol,1
56,Andrew Bragg,Adam Boyton,1
57,Andrew Bragg,Bob Johnston,1
58,Andrew Bragg,Dame Quentin Bryce,1
59,Andrew Bragg,Gail Kelly,1
60,Andrew Bragg,Glenn Stevens,1
61,Andrew Bragg,Harry Knight,1
62,Andrew Bragg,Ian Macfarlane,1
63,Andrew Bragg,Jock Phillips,1
64,Andrew Bragg,Julia Gillard,1
65,Andrew Bragg,Justice Susan Kiefel,1
66,Andrew Bragg,Luci Ellis,1
67,Andrew Bragg,Nick Mckim,1
68,Andrew Bragg,Peter Costello,1
69,Andrew Bragg,Peter Dutton,1
70,Andrew Forrest,Adam Boyton,1
71,Andrew Forrest,Andrew Bragg,1
72,Andrew Forrest,Barack Obama,1
73,Andrew Forrest,Bob Johnston,1
74,Andrew Forrest,Dame Quentin Bryce,1
75,Andrew Forrest,Gail Kelly,1
76,Andrew Forrest,Glenn Stevens,1
77,Andrew Forrest,Harry Knight,1
78,Andrew Forrest,Ian Macfarlane,1
79,Andrew Forrest,Janet Yellen,1
80,Andrew Forrest,Jenny Wilkinson,1
81,Andrew Forrest,Jock Phillips,1
82,Andrew Forrest,Josh Frydenberg,1
83,Andrew Forrest,Julia Gillard,1
84,Andrew Forrest,Justice Susan Kiefel,1
85,Andrew Forrest,Luci Ellis,1
86,Andrew Forrest,Nick Mckim,1
87,Andrew Forrest,Peter Costello,1
88,Andrew Forrest,Peter Dutton,1
89,Andrew Forrest,Steven Kennedy,1
90,Andrew Hirst,Gary Ramage,2
91,Andrew Hirst,Ian Meikle,1
92,Andrew Hirst,Jason Falinski,4
93,Andrew Hirst,Jeremy Rockliff,4
94,Andrew Hirst,John Pesutto,4
95,Andrew Hirst,Michelle Grattan,2
96,Andrew Leigh,Isaac Gross,81
97,Andrew Whitecross,Catherine Holmes,48
98,Andrew Whitecross,David Hurley,1
99,Andrew Whitecross,Jack Waterford,48
100,Andrew Whitecross,Mark Dreyfus,48
101,Andrew Whitecross,Reece Kershaw,48
102,Andriy Kovaliov,Amanda Sloat,1
103,Andriy Kovaliov,Dmitry Medvedev,1
104,Andriy Kovaliov,Jake Sullivan,1
105,Andriy Kovaliov,Serhiy Popko,1
106,Angus Taylor,Danielle Wood,1
107,Angus Taylor,Gary Ramage,4
108,Angus Taylor,Innes Willox,1
109,Angus Taylor,Karen Barlow,4
110,Angus Taylor,Karl Stefanovic,2
111,Angus Taylor,Leslie Adler,1
112,Angus Taylor,Martin Ollman,2
113,Angus Taylor,Martin Ollman Deputy,2
114,Angus Taylor,Peter Dutton,1
115,Angus Taylor,Renju Jose,1
116,Angus Taylor,Richard Marles,2
117,Angus Taylor,Sarah Basford Canales,4
118,Angus Taylor,Steven Hamilton,1
119,Anthony Albanese,Adam Boyton,1
120,Anthony Albanese,Alex Hawke,4
121,Anthony Albanese,Amanda Sloat,1
122,Anthony Albanese,Andrew Bragg,1
123,Anthony Albanese,Andrew Forrest,2
124,Anthony Albanese,Andrew Hirst,4
125,Anthony Albanese,Andrew Leigh,82
126,Anthony Albanese,Andrew Whitecross,48
127,Anthony Albanese,Andriy Kovaliov,1
128,Anthony Albanese,Angus Taylor,8
129,Anthony Albanese,Australiafrom Europe,1
130,Anthony Albanese,Axel Bruns,1
131,Anthony Albanese,Barack Obama,1
132,Anthony Albanese,Ben Wallace,1
133,Anthony Albanese,Bernie Fraser,1
134,Anthony Albanese,Bloomberg Businessweek,1
135,Anthony Albanese,Bob Hawke,1
136,Anthony Albanese,Bob Johnston,1
137,Anthony Albanese,Carolyn Wilkins,3
138,Anthony Albanese,Catherine Holmes,48
139,Anthony Albanese,Celia Mendoza,1
140,Anthony Albanese,Chris Hipkins,2
141,Anthony Albanese,Christian Porter,48
142,Anthony Albanese,Chuen Cheng,14
143,Anthony Albanese,Dame Quentin Bryce,1
144,Anthony Albanese,Danielle Wood,1
145,Anthony Albanese,David Crosling,2
146,Anthony Albanese,David Gruen,7
147,Anthony Albanese,David Hurley,1
148,Anthony Albanese,Deborah Bateson,14
149,Anthony Albanese,Deputy Governorof,3
150,Anthony Albanese,Dmitry Medvedev,1
151,Anthony Albanese,Don Pramudwinai,1
152,Anthony Albanese,Ed Husic,1
153,Anthony Albanese,Fumio Kishida,1
154,Anthony Albanese,Gail Kelly,1
155,Anthony Albanese,Gary Ramage,54
156,Anthony Albanese,Glenn Stevens,2
157,Anthony Albanese,Gough Whitlam,2
158,Anthony Albanese,Harry Knight,1
159,Anthony Albanese,Huw Edwards,1
160,Anthony Albanese,Ian Macfarlane,1
161,Anthony Albanese,Ian Meikle,1
162,Anthony Albanese,Innes Willox,1
163,Anthony Albanese,Isaac Gross,81
164,Anthony Albanese,Jack Waterford,48
165,Anthony Albanese,Jake Sullivan,1
166,Anthony Albanese,Jane Hume,4
167,Anthony Albanese,Janet Yellen,1
168,Anthony Albanese,Jason Falinski,4
169,Anthony Albanese,Jenny Wilkinson,26
170,Anthony Albanese,Jeremy Rockliff,4
171,Anthony Albanese,Jim Chalmers,27
172,Anthony Albanese,Jock Phillips,1
173,Anthony Albanese,Joe Biden,1
174,Anthony Albanese,John Bradley,1
175,Anthony Albanese,John Olsen,4
176,Anthony Albanese,John Pesutto,4
177,Anthony Albanese,Jonathan Kearns,2
178,Anthony Albanese,Jonny Bairstow,1
179,Anthony Albanese,Jorge Agobian,1
180,Anthony Albanese,Josep Borrell,1
181,Anthony Albanese,Josh Frydenberg,1
182,Anthony Albanese,Julia Gillard,4
183,Anthony Albanese,Julie Collins,1
184,Anthony Albanese,Justice Susan Kiefel,1
185,Anthony Albanese,Justin Mohamed,1
186,Anthony Albanese,Karen Barlow,11
187,Anthony Albanese,Karl Stefanovic,4
188,Anthony Albanese,Keegan Carroll,86
189,Anthony Albanese,Kevin Bonham,4
190,Anthony Albanese,Kevin Spacey,1
191,Anthony Albanese,Kristine Mccartney,1
192,Anthony Albanese,Leslie Adler,3
193,Anthony Albanese,Luci Ellis,1
194,Anthony Albanese,Lukas Coch,5
195,Anthony Albanese,Mark Dreyfus,48
196,Anthony Albanese,Mark Humphrey-Jenner,10
197,Anthony Albanese,Mark Wood,1
198,Anthony Albanese,Martin Ollman,6
199,Anthony Albanese,Martin Ollman Deputy,2
200,Anthony Albanese,Martin Parkinson,3
201,Anthony Albanese,Michele Bullock,14
202,Anthony Albanese,Michelle Bullock,4
203,Anthony Albanese,Michelle Grattan,2
204,Anthony Albanese,Muralikumar Anantharaman,3
205,Anthony Albanese,Nick Mckim,1
206,Anthony Albanese,Nicki Connolly,2
207,Anthony Albanese,Olaf Scholz,1
208,Anthony Albanese,Olivia Thornton,1
209,Anthony Albanese,Paulius Peleckis Getty,1
210,Anthony Albanese,Penny Wong,1
211,Anthony Albanese,Peter Costello,1
212,Anthony Albanese,Peter Dutton,60
213,Anthony Albanese,Peter King,1
214,Anthony Albanese,Phil Lowe,98
215,Anthony Albanese,Philip Lowe,98
216,Anthony Albanese,Praveen Menon,4
217,Anthony Albanese,Reece Kershaw,48
218,Anthony Albanese,Renju Jose,3
219,Anthony Albanese,Richard Marles,4
220,Anthony Albanese,Robert Macfarlane,1
221,Anthony Albanese,Sarah Basford Canales,11
222,Anthony Albanese,Scott Morrison,4
223,Anthony Albanese,Sergei Lavrov,1
224,Anthony Albanese,Serhiy Popko,1
225,Anthony Albanese,Steven Hamilton,11
226,Anthony Albanese,Steven Kennedy,26
227,Anthony Albanese,Suu Kyi,1
228,Anthony Albanese,Ted Hui,1
229,Anthony Albanese,Tony Mahar,1
230,Anthony Albanese,Volodymyr Zelenskyy,1
231,Anthony Albanese,Wang Wenbin,1
232,Anthony Albanese,Wang Yi,1
233,Anthony Albanese,Wayne Cole,2
234,Anthony Albanese,Yang Hengjun,1
235,Anthony Albanese,Yoon Suk Yeol,1
236,Antonio Guterres,Amanda Sloat,1
237,Antonio Guterres,Andriy Kovaliov,1
238,Antonio Guterres,Anthony Albanese,1
239,Antonio Guterres,Dmitry Medvedev,1
240,Antonio Guterres,Dmitry Peskov,1
241,Antonio Guterres,Emmanuelle Chaze,1
242,Antonio Guterres,Jake Sullivan,1
243,Antonio Guterres,Kyrylo Budanov,1
244,Antonio Guterres,Olaf Scholz,1
245,Antonio Guterres,Serhiy Popko,1
246,Antonio Guterres,Stephane Dujarric,1
247,Antonio Guterres,Tayyip Erdogan,1
248,Antonio Guterres,Vladimir Putin,1
249,Antonio Guterres,Vyacheslav Volodin,1
250,Antony Blinken,Anthony Albanese,1
251,Antony Blinken,Asean Yohannes Abraham,1
252,Antony Blinken,Don Pramudwinai,1
253,Antony Blinken,Josep Borrell,1
254,Antony Blinken,Penny Wong,1
255,Antony Blinken,Retno Marsudi,1
256,Antony Blinken,Sergei Lavrov,1
257,Antony Blinken,Suu Kyi,1
258,Antony Blinken,Wang Yi,1
259,Asean Yohannes Abraham,Anthony Albanese,1
260,Asean Yohannes Abraham,Don Pramudwinai,1
261,Asean Yohannes Abraham,Josep Borrell,1
262,Asean Yohannes Abraham,Penny Wong,1
263,Asean Yohannes Abraham,Sergei Lavrov,1
264,Asean Yohannes Abraham,Suu Kyi,1
265,Ashton Agar,Anthony Albanese,1
266,Ashton Agar,Keegan Carroll,1
267,Ashton Agar,Olivia Thornton,1
268,Ashton Agar,Peter Roach,1
269,Barack Obama,Adam Boyton,1
270,Barack Obama,Andrew Bragg,1
271,Barack Obama,Bob Johnston,1
272,Barack Obama,Dame Quentin Bryce,1
273,Barack Obama,Gail Kelly,1
274,Barack Obama,Glenn Stevens,1
275,Barack Obama,Harry Knight,1
276,Barack Obama,Ian Macfarlane,1
277,Barack Obama,Jenny Wilkinson,1
278,Barack Obama,Jock Phillips,1
279,Barack Obama,Josh Frydenberg,1
280,Barack Obama,Julia Gillard,1
281,Barack Obama,Justice Susan Kiefel,1
282,Barack Obama,Luci Ellis,1
283,Barack Obama,Nick Mckim,1
284,Barack Obama,Peter Costello,1
285,Barack Obama,Peter Dutton,1
286,Barack Obama,Steven Kennedy,1
287,Ben Wallace,Amanda Sloat,1
288,Ben Wallace,Andriy Kovaliov,1
289,Ben Wallace,Anthony Albanese,1
290,Ben Wallace,Antonio Guterres,1
291,Ben Wallace,Dmitry Medvedev,1
292,Ben Wallace,Dmitry Peskov,1
293,Ben Wallace,Emmanuelle Chaze,1
294,Ben Wallace,Huw Edwards,1
295,Ben Wallace,Jake Sullivan,1
296,Ben Wallace,Kyrylo Budanov,1
297,Ben Wallace,Olaf Scholz,1
298,Ben Wallace,Paulius Peleckis Getty,1
299,Ben Wallace,Serhiy Popko,1
300,Ben Wallace,Stephane Dujarric,1
301,Ben Wallace,Tayyip Erdogan,1
302,Ben Wallace,Vladimir Putin,1
303,Ben Wallace,Vyacheslav Volodin,1
304,Bernie Fraser,Adam Boyton,1
305,Bernie Fraser,Andrew Bragg,1
306,Bernie Fraser,Andrew Forrest,2
307,Bernie Fraser,Anthony Albanese,1
308,Bernie Fraser,Barack Obama,1
309,Bernie Fraser,Bob Johnston,1
310,Bernie Fraser,Dame Quentin Bryce,1
311,Bernie Fraser,Gail Kelly,1
312,Bernie Fraser,Glenn Stevens,1
313,Bernie Fraser,Harry Knight,1
314,Bernie Fraser,Ian Macfarlane,1
315,Bernie Fraser,Janet Yellen,1
316,Bernie Fraser,Jenny Wilkinson,1
317,Bernie Fraser,Jock Phillips,1
318,Bernie Fraser,Josh Frydenberg,1
319,Bernie Fraser,Julia Gillard,1
320,Bernie Fraser,Justice Susan Kiefel,1
321,Bernie Fraser,Luci Ellis,1
322,Bernie Fraser,Nick Mckim,1
323,Bernie Fraser,Peter Costello,1
324,Bernie Fraser,Peter Dutton,1
325,Bernie Fraser,Peter King,1
326,Bernie Fraser,Steven Kennedy,1
327,Bob Hawke,Andrew Whitecross,48
328,Bob Hawke,Anthony Albanese,47
329,Bob Hawke,Catherine Holmes,48
330,Bob Hawke,Christian Porter,48
331,Bob Hawke,David Hurley,1
332,Bob Hawke,Gary Ramage,48
333,Bob Hawke,Jack Waterford,48
334,Bob Hawke,Mark Dreyfus,48
335,Bob Hawke,Peter Dutton,48
336,Bob Hawke,Reece Kershaw,48
337,Bob Johnston,Adam Boyton,1
338,Bob Johnston,Dame Quentin Bryce,1
339,Bob Johnston,Gail Kelly,1
340,Bob Johnston,Harry Knight,1
341,Bob Johnston,Jock Phillips,1
342,Bob Johnston,Julia Gillard,1
343,Bob Johnston,Justice Susan Kiefel,1
344,Bob Johnston,Luci Ellis,1
345,Cameron Caldwell,Alex Hawke,4
346,Cameron Caldwell,Andrew Hirst,4
347,Cameron Caldwell,Anthony Albanese,4
348,Cameron Caldwell,Gary Ramage,2
349,Cameron Caldwell,Ian Meikle,1
350,Cameron Caldwell,Jason Falinski,4
351,Cameron Caldwell,Jeremy Rockliff,4
352,Cameron Caldwell,John Olsen,4
353,Cameron Caldwell,John Pesutto,4
354,Cameron Caldwell,Kevin Bonham,4
355,Cameron Caldwell,Mary Doyle,4
356,Cameron Caldwell,Michelle Grattan,2
357,Cameron Caldwell,Scott Morrison,4
358,Carolyn Wilkins,Muralikumar Anantharaman,3
359,Carolyn Wilkins,Praveen Menon,3
360,Carolyn Wilkins,Wayne Cole,1
361,Cassandra Goldie,Angus Taylor,1
362,Cassandra Goldie,Anthony Albanese,1
363,Cassandra Goldie,Danielle Wood,1
364,Cassandra Goldie,Innes Willox,1
365,Cassandra Goldie,Jenny Wilkinson,1
366,Cassandra Goldie,Peter Dutton,1
367,Cassandra Goldie,Steven Hamilton,1
368,Cassandra Goldie,Steven Kennedy,1
369,Catherine Holmes,David Hurley,1
370,Catherine Holmes,Jack Waterford,48
371,Catherine Holmes,Mark Dreyfus,48
372,Catherine Holmes,Reece Kershaw,48
373,Celeste Liddle,Anthony Albanese,1
374,Celeste Liddle,Axel Bruns,1
375,Celeste Liddle,Jeremy Rockliff,1
376,Celeste Liddle,Jonathon Duniam,1
377,Celeste Liddle,Kerrynne Liddle,1
378,Celeste Liddle,Matthew Sheahan,1
379,Celeste Liddle,Peter Dutton,1
380,Celia Mendoza,Jorge Agobian,1
381,Chau Van Kham,Anthony Albanese,3
382,Cheng Lei,Anthony Albanese,3
383,Cheng Lei,Yang Hengjun,3
384,Chris Hipkins,Celia Mendoza,1
385,Chris Hipkins,Jorge Agobian,1
386,Chris Hipkins,Wang Wenbin,1
387,Chris Hipkins,Yoon Suk Yeol,1
388,Chris Woakes,Anthony Albanese,1
389,Chris Woakes,Ben Wallace,1
390,Chris Woakes,Huw Edwards,1
391,Chris Woakes,Joe Biden,1
392,Chris Woakes,Jonny Bairstow,1
393,Chris Woakes,Mark Wood,1
394,Chris Woakes,Paulius Peleckis Getty,1
395,Christian Porter,Andrew Whitecross,48
396,Christian Porter,Catherine Holmes,48
397,Christian Porter,David Hurley,1
398,Christian Porter,Jack Waterford,48
399,Christian Porter,Mark Dreyfus,48
400,Christian Porter,Peter Dutton,48
401,Christian Porter,Reece Kershaw,48
402,Dame Quentin Bryce,Gail Kelly,1
403,Dame Quentin Bryce,Justice Susan Kiefel,1
404,Danny Brown,Anthony Albanese,1
405,Danny Brown,Australiafrom Europe,1
406,David Crosling,Angus Taylor,2
407,David Crosling,Jenny Wilkinson,2
408,David Crosling,Karl Stefanovic,2
409,David Crosling,Martin Ollman,2
410,David Crosling,Martin Ollman Deputy,2
411,David Crosling,Nicki Connolly,2
412,David Crosling,Peter Dutton,2
413,David Crosling,Phil Lowe,2
414,David Crosling,Richard Marles,2
415,David Crosling,Steven Kennedy,2
416,David Gruen,Angus Taylor,4
417,David Gruen,Carolyn Wilkins,3
418,David Gruen,Gary Ramage,4
419,David Gruen,Jane Hume,4
420,David Gruen,Karen Barlow,4
421,David Gruen,Keegan Carroll,4
422,David Gruen,Martin Parkinson,3
423,David Gruen,Muralikumar Anantharaman,3
424,David Gruen,Phil Lowe,4
425,David Gruen,Praveen Menon,3
426,David Gruen,Sarah Basford Canales,4
427,David Gruen,Wayne Cole,1
428,David Hurley,Jack Waterford,1
429,David Hurley,Mark Dreyfus,1
430,David Hurley,Reece Kershaw,1
431,Deborah Bateson,Chuen Cheng,14
432,Deputy Governorof,Carolyn Wilkins,3
433,Deputy Governorof,David Gruen,3
434,Deputy Governorof,Jenny Wilkinson,3
435,Deputy Governorof,Julia Gillard,3
436,Deputy Governorof,Martin Parkinson,3
437,Deputy Governorof,Muralikumar Anantharaman,3
438,Deputy Governorof,Praveen Menon,3
439,Deputy Governorof,Steven Kennedy,3
440,Deputy Governorof,Wayne Cole,1
441,Dmitry Medvedev,Jake Sullivan,1
442,Dmitry Peskov,Amanda Sloat,1
443,Dmitry Peskov,Andriy Kovaliov,1
444,Dmitry Peskov,Anthony Albanese,1
445,Dmitry Peskov,Dmitry Medvedev,1
446,Dmitry Peskov,Jake Sullivan,1
447,Dmitry Peskov,Kyrylo Budanov,1
448,Dmitry Peskov,Olaf Scholz,1
449,Dmitry Peskov,Serhiy Popko,1
450,Don Farrell,Anthony Albanese,2
451,Don Farrell,Gough Whitlam,1
452,Don Farrell,Jim Chalmers,1
453,Don Farrell,Ted Hui,1
454,Don Farrell,Tony Mahar,1
455,Don Farrell,Yang Hengjun,1
456,Don Pramudwinai,Sergei Lavrov,1
457,Dorinda Cox,Anthony Albanese,1
458,Dorinda Cox,Australiafrom Europe,1
459,Dorinda Cox,Danny Brown,1
460,Dorinda Cox,Thomas Mayo,1
461,Dorinda Cox,Tony Buti,1
462,Emmanuelle Chaze,Amanda Sloat,1
463,Emmanuelle Chaze,Andriy Kovaliov,1
464,Emmanuelle Chaze,Anthony Albanese,1
465,Emmanuelle Chaze,Dmitry Medvedev,1
466,Emmanuelle Chaze,Dmitry Peskov,1
467,Emmanuelle Chaze,Jake Sullivan,1
468,Emmanuelle Chaze,Kyrylo Budanov,1
469,Emmanuelle Chaze,Olaf Scholz,1
470,Emmanuelle Chaze,Serhiy Popko,1
471,Fumio Kishida,Celia Mendoza,1
472,Fumio Kishida,Chris Hipkins,1
473,Fumio Kishida,Jorge Agobian,1
474,Fumio Kishida,Wang Wenbin,1
475,Fumio Kishida,Yoon Suk Yeol,1
476,Gary Ramage,Andrew Whitecross,48
477,Gary Ramage,Catherine Holmes,48
478,Gary Ramage,Christian Porter,48
479,Gary Ramage,David Hurley,1
480,Gary Ramage,Jack Waterford,48
481,Gary Ramage,Jenny Wilkinson,29
482,Gary Ramage,Jim Chalmer,13
483,Gary Ramage,Karen Barlow,33
484,Gary Ramage,Mark Dreyfus,48
485,Gary Ramage,Michele Bullock,13
486,Gary Ramage,Michelle Grattan,2
487,Gary Ramage,Minster Anthony Albanese,13
488,Gary Ramage,Peter Dutton,48
489,Gary Ramage,Reece Kershaw,48
490,Gary Ramage,Sarah Basford Canales,4
491,Gary Ramage,Steven Kennedy,29
492,Glenn Stevens,Adam Boyton,1
493,Glenn Stevens,Bob Johnston,1
494,Glenn Stevens,Dame Quentin Bryce,1
495,Glenn Stevens,Gail Kelly,1
496,Glenn Stevens,Harry Knight,1
497,Glenn Stevens,Jock Phillips,1
498,Glenn Stevens,Julia Gillard,1
499,Glenn Stevens,Justice Susan Kiefel,1
500,Glenn Stevens,Luci Ellis,1
501,Glenn Stevens,Martin Ollman,1
502,Glenn Stevens,Phil Lowe,1
503,Glenn Stevens,Robert Macfarlane,1
504,Gough Whitlam,Andrew Whitecross,48
505,Gough Whitlam,Anthony Albanese,47
506,Gough Whitlam,Bob Hawke,48
507,Gough Whitlam,Catherine Holmes,48
508,Gough Whitlam,Christian Porter,48
509,Gough Whitlam,David Hurley,1
510,Gough Whitlam,Gary Ramage,48
511,Gough Whitlam,Jack Waterford,48
512,Gough Whitlam,Mark Dreyfus,48
513,Gough Whitlam,Peter Dutton,48
514,Gough Whitlam,Reece Kershaw,48
515,Gough Whitlam,Ted Hui,1
516,Gough Whitlam,Yang Hengjun,1
517,Greg Dyett,Anthony Albanese,1
518,Greg Dyett,Kevin Spacey,1
519,Greg Dyett,Kristine Mccartney,1
520,Greg Dyett,Michele Bullock,1
521,Greg Dyett,Penny Wong,1
522,Greg Dyett,Philip Lowe,1
523,Greg Dyett,Wang Yi,1
524,Harry Knight,Adam Boyton,1
525,Harry Knight,Dame Quentin Bryce,1
526,Harry Knight,Gail Kelly,1
527,Harry Knight,Jock Phillips,1
528,Harry Knight,Julia Gillard,1
529,Harry Knight,Justice Susan Kiefel,1
530,Harry Knight,Luci Ellis,1
531,Ian Macfarlane,Adam Boyton,1
532,Ian Macfarlane,Bob Johnston,1
533,Ian Macfarlane,Dame Quentin Bryce,1
534,Ian Macfarlane,Gail Kelly,1
535,Ian Macfarlane,Glenn Stevens,1
536,Ian Macfarlane,Harry Knight,1
537,Ian Macfarlane,Jock Phillips,1
538,Ian Macfarlane,Julia Gillard,1
539,Ian Macfarlane,Justice Susan Kiefel,1
540,Ian Macfarlane,Luci Ellis,1
541,Innes Willox,Danielle Wood,1
542,Innes Willox,Steven Hamilton,1
543,Jack Waterford,Mark Dreyfus,48
544,James Glynn,Anthony Albanese,2
545,James Glynn,Michele Bullock,2
546,James Glynn,Philip Lowe,2
547,Jane Hume,Angus Taylor,4
548,Jane Hume,Gary Ramage,4
549,Jane Hume,Karen Barlow,4
550,Jane Hume,Keegan Carroll,4
551,Jane Hume,Sarah Basford Canales,4
552,Janet Yellen,Adam Boyton,1
553,Janet Yellen,Andrew Bragg,1
554,Janet Yellen,Barack Obama,1
555,Janet Yellen,Bob Johnston,1
556,Janet Yellen,Dame Quentin Bryce,1
557,Janet Yellen,Gail Kelly,1
558,Janet Yellen,Glenn Stevens,1
559,Janet Yellen,Harry Knight,1
560,Janet Yellen,Ian Macfarlane,1
561,Janet Yellen,Jenny Wilkinson,1
562,Janet Yellen,Jock Phillips,1
563,Janet Yellen,Josh Frydenberg,1
564,Janet Yellen,Julia Gillard,1
565,Janet Yellen,Justice Susan Kiefel,1
566,Janet Yellen,Luci Ellis,1
567,Janet Yellen,Nick Mckim,1
568,Janet Yellen,Peter Costello,1
569,Janet Yellen,Peter Dutton,1
570,Janet Yellen,Steven Kennedy,1
571,Jason Falinski,Gary Ramage,2
572,Jason Falinski,Ian Meikle,1
573,Jason Falinski,Jeremy Rockliff,4
574,Jason Falinski,John Pesutto,4
575,Jason Falinski,Michelle Grattan,2
576,Jenny Wilkinson,Adam Boyton,1
577,Jenny Wilkinson,Andrew Bragg,1
578,Jenny Wilkinson,Angus Taylor,8
579,Jenny Wilkinson,Anthony Albanese,1
580,Jenny Wilkinson,Bloomberg Businessweek,1
581,Jenny Wilkinson,Bob Johnston,1
582,Jenny Wilkinson,Carolyn Wilkins,3
583,Jenny Wilkinson,Dame Quentin Bryce,1
584,Jenny Wilkinson,Danielle Wood,1
585,Jenny Wilkinson,David Gruen,7
586,Jenny Wilkinson,Gail Kelly,1
587,Jenny Wilkinson,Gary Ramage,4
588,Jenny Wilkinson,Glenn Stevens,1
589,Jenny Wilkinson,Harry Knight,1
590,Jenny Wilkinson,Ian Macfarlane,1
591,Jenny Wilkinson,Innes Willox,1
592,Jenny Wilkinson,Jane Hume,4
593,Jenny Wilkinson,Jim Chalmers,10
594,Jenny Wilkinson,Jock Phillips,1
595,Jenny Wilkinson,Julia Gillard,1
596,Jenny Wilkinson,Justice Susan Kiefel,1
597,Jenny Wilkinson,Karen Barlow,33
598,Jenny Wilkinson,Karl Stefanovic,4
599,Jenny Wilkinson,Keegan Carroll,4
600,Jenny Wilkinson,Leslie Adler,1
601,Jenny Wilkinson,Luci Ellis,1
602,Jenny Wilkinson,Mark Humphrey-Jenner,10
603,Jenny Wilkinson,Martin Ollman,4
604,Jenny Wilkinson,Martin Ollman Deputy,2
605,Jenny Wilkinson,Martin Parkinson,3
606,Jenny Wilkinson,Michelle Bullock,2
607,Jenny Wilkinson,Muralikumar Anantharaman,3
608,Jenny Wilkinson,Nick Mckim,1
609,Jenny Wilkinson,Nicki Connolly,2
610,Jenny Wilkinson,Peter Costello,1
611,Jenny Wilkinson,Peter Dutton,7
612,Jenny Wilkinson,Phil Lowe,8
613,Jenny Wilkinson,Praveen Menon,3
614,Jenny Wilkinson,Renju Jose,1
615,Jenny Wilkinson,Richard Marles,4
616,Jenny Wilkinson,Sarah Basford Canales,4
617,Jenny Wilkinson,Steven Hamilton,11
618,Jenny Wilkinson,Steven Kennedy,6
619,Jenny Wilkinson,Wayne Cole,1
620,Jens Stoltenberg,Anthony Albanese,1
621,Jens Stoltenberg,Celia Mendoza,1
622,Jens Stoltenberg,Chris Hipkins,1
623,Jens Stoltenberg,Fumio Kishida,1
624,Jens Stoltenberg,Joe Biden,1
625,Jens Stoltenberg,Jorge Agobian,1
626,Jens Stoltenberg,Mark Kennedy,1
627,Jens Stoltenberg,Wang Wenbin,1
628,Jens Stoltenberg,Yoon Suk Yeol,1
629,Jeremy Rockliff,Anthony Albanese,1
630,Jeremy Rockliff,Axel Bruns,1
631,Jeremy Rockliff,Gary Ramage,2
632,Jeremy Rockliff,Ian Meikle,1
633,Jeremy Rockliff,Jonathon Duniam,1
634,Jeremy Rockliff,Kerrynne Liddle,1
635,Jeremy Rockliff,Michelle Grattan,2
636,Jeremy Rockliff,Peter Dutton,1
637,Jim Chalmer,Angus Taylor,4
638,Jim Chalmer,Anthony Albanese,11
639,Jim Chalmer,David Gruen,4
640,Jim Chalmer,Gary Ramage,20
641,Jim Chalmer,Jane Hume,4
642,Jim Chalmer,Jenny Wilkinson,33
643,Jim Chalmer,Karen Barlow,40
644,Jim Chalmer,Keegan Carroll,27
645,Jim Chalmer,Lukas Coch,4
646,Jim Chalmer,Michele Bullock,29
647,Jim Chalmer,Minster Anthony Albanese,29
648,Jim Chalmer,Peter Dutton,4
649,Jim Chalmer,Phil Lowe,11
650,Jim Chalmer,Philip Lowe,11
651,Jim Chalmer,Sarah Basford Canales,11
652,Jim Chalmer,Steven Kennedy,33
653,Jim Chalmers,Adam Boyton,1
654,Jim Chalmers,Andrew Bragg,1
655,Jim Chalmers,Andrew Forrest,2
656,Jim Chalmers,Andrew Leigh,82
657,Jim Chalmers,Angus Taylor,3
658,Jim Chalmers,Anthony Albanese,88
659,Jim Chalmers,Barack Obama,1
660,Jim Chalmers,Bernie Fraser,2
661,Jim Chalmers,Bloomberg Businessweek,1
662,Jim Chalmers,Bob Johnston,1
663,Jim Chalmers,Carolyn Wilkins,3
664,Jim Chalmers,Dame Quentin Bryce,1
665,Jim Chalmers,David Crosling,2
666,Jim Chalmers,David Gruen,3
667,Jim Chalmers,Deputy Governorof,3
668,Jim Chalmers,Gail Kelly,1
669,Jim Chalmers,Glenn Stevens,2
670,Jim Chalmers,Harry Knight,1
671,Jim Chalmers,Ian Macfarlane,1
672,Jim Chalmers,Isaac Gross,81
673,Jim Chalmers,Janet Yellen,1
674,Jim Chalmers,Jenny Wilkinson,12
675,Jim Chalmers,Jock Phillips,1
676,Jim Chalmers,Jonathan Kearns,2
677,Jim Chalmers,Josh Frydenberg,1
678,Jim Chalmers,Julia Gillard,4
679,Jim Chalmers,Justice Susan Kiefel,1
680,Jim Chalmers,Karl Stefanovic,4
681,Jim Chalmers,Keegan Carroll,81
682,Jim Chalmers,Leslie Adler,1
683,Jim Chalmers,Luci Ellis,1
684,Jim Chalmers,Lukas Coch,1
685,Jim Chalmers,Mark Humphrey-Jenner,10
686,Jim Chalmers,Martin Ollman,6
687,Jim Chalmers,Martin Ollman Deputy,2
688,Jim Chalmers,Martin Parkinson,3
689,Jim Chalmers,Michele Bullock,12
690,Jim Chalmers,Michelle Bullock,5
691,Jim Chalmers,Muralikumar Anantharaman,3
692,Jim Chalmers,Nick Mckim,1
693,Jim Chalmers,Nicki Connolly,2
694,Jim Chalmers,Peter Costello,1
695,Jim Chalmers,Peter Dutton,6
696,Jim Chalmers,Peter King,1
697,Jim Chalmers,Phil Lowe,87
698,Jim Chalmers,Philip Lowe,89
699,Jim Chalmers,Praveen Menon,4
700,Jim Chalmers,Renju Jose,1
701,Jim Chalmers,Richard Marles,4
702,Jim Chalmers,Robert Macfarlane,1
703,Jim Chalmers,Steven Hamilton,10
704,Jim Chalmers,Steven Kennedy,12
705,Jim Chalmers,Tony Mahar,1
706,Jim Chalmers,Wayne Cole,1
707,Jock Phillips,Adam Boyton,1
708,Jock Phillips,Dame Quentin Bryce,1
709,Jock Phillips,Gail Kelly,1
710,Jock Phillips,Julia Gillard,1
711,Jock Phillips,Justice Susan Kiefel,1
712,Jock Phillips,Luci Ellis,1
713,Joe Biden,Amanda Sloat,1
714,Joe Biden,Andriy Kovaliov,1
715,Joe Biden,Anthony Albanese,2
716,Joe Biden,Antonio Guterres,1
717,Joe Biden,Ben Wallace,2
718,Joe Biden,Celia Mendoza,1
719,Joe Biden,Chris Hipkins,1
720,Joe Biden,Dmitry Medvedev,1
721,Joe Biden,Dmitry Peskov,1
722,Joe Biden,Emmanuelle Chaze,1
723,Joe Biden,Fumio Kishida,1
724,Joe Biden,Huw Edwards,1
725,Joe Biden,Jake Sullivan,1
726,Joe Biden,Jorge Agobian,1
727,Joe Biden,Kyrylo Budanov,1
728,Joe Biden,Mark Kennedy,1
729,Joe Biden,Olaf Scholz,1
730,Joe Biden,Paulius Peleckis Getty,1
731,Joe Biden,Serhiy Popko,1
732,Joe Biden,Stephane Dujarric,1
733,Joe Biden,Tayyip Erdogan,1
734,Joe Biden,Vladimir Putin,1
735,Joe Biden,Vyacheslav Volodin,1
736,Joe Biden,Wang Wenbin,1
737,Joe Biden,Yoon Suk Yeol,1
738,John Bradley,Justin Mohamed,1
739,John Olsen,Andrew Hirst,4
740,John Olsen,Gary Ramage,2
741,John Olsen,Ian Meikle,1
742,John Olsen,Jason Falinski,4
743,John Olsen,Jeremy Rockliff,4
744,John Olsen,John Pesutto,4
745,John Olsen,Michelle Grattan,2
746,John Pesutto,Gary Ramage,2
747,John Pesutto,Ian Meikle,1
748,John Pesutto,Jeremy Rockliff,4
749,John Pesutto,Michelle Grattan,2
750,Jokowi Widodo,Anthony Albanese,1
751,Jokowi Widodo,John Bradley,1
752,Jokowi Widodo,Justin Mohamed,1
753,Jonathan Kearns,Lukas Coch,1
754,Jonathan Kearns,Praveen Menon,1
755,Jonathon Duniam,Anthony Albanese,1
756,Jonathon Duniam,Axel Bruns,1
757,Jonathon Duniam,Kerrynne Liddle,1
758,Jonathon Duniam,Peter Dutton,1
759,Jonny Bairstow,Ben Wallace,1
760,Jonny Bairstow,Huw Edwards,1
761,Jonny Bairstow,Joe Biden,1
762,Jonny Bairstow,Paulius Peleckis Getty,1
763,Josep Borrell,Don Pramudwinai,1
764,Josep Borrell,Sergei Lavrov,1
765,Josh Frydenberg,Adam Boyton,1
766,Josh Frydenberg,Andrew Bragg,1
767,Josh Frydenberg,Andrew Leigh,81
768,Josh Frydenberg,Anthony Albanese,81
769,Josh Frydenberg,Bob Johnston,1
770,Josh Frydenberg,Dame Quentin Bryce,1
771,Josh Frydenberg,Gail Kelly,1
772,Josh Frydenberg,Glenn Stevens,1
773,Josh Frydenberg,Harry Knight,1
774,Josh Frydenberg,Ian Macfarlane,1
775,Josh Frydenberg,Isaac Gross,81
776,Josh Frydenberg,Jenny Wilkinson,1
777,Josh Frydenberg,Jim Chalmers,81
778,Josh Frydenberg,Jock Phillips,1
779,Josh Frydenberg,Julia Gillard,1
780,Josh Frydenberg,Justice Susan Kiefel,1
781,Josh Frydenberg,Keegan Carroll,81
782,Josh Frydenberg,Luci Ellis,1
783,Josh Frydenberg,Nick Mckim,1
784,Josh Frydenberg,Peter Costello,1
785,Josh Frydenberg,Peter Dutton,1
786,Josh Frydenberg,Phil Lowe,81
787,Josh Frydenberg,Philip Lowe,81
788,Josh Frydenberg,Steven Kennedy,1
789,Josh Frydneberg,Andrew Leigh,1
790,Josh Frydneberg,Anthony Albanese,1
791,Josh Frydneberg,Jim Chalmers,1
792,Josh Frydneberg,Michele Bullock,1
793,Josh Frydneberg,Phil Lowe,1
794,Josh Frydneberg,Philip Lowe,1
795,Julia Gillard,Carolyn Wilkins,3
796,Julia Gillard,Dame Quentin Bryce,1
797,Julia Gillard,David Gruen,3
798,Julia Gillard,Gail Kelly,1
799,Julia Gillard,Jenny Wilkinson,3
800,Julia Gillard,Justice Susan Kiefel,1
801,Julia Gillard,Martin Parkinson,3
802,Julia Gillard,Muralikumar Anantharaman,3
803,Julia Gillard,Praveen Menon,3
804,Julia Gillard,Wayne Cole,1
805,Julianne Smith,America Atlantic,1
806,Julianne Smith,America Pacific,1
807,Julianne Smith,Anthony Albanese,1
808,Julianne Smith,Celia Mendoza,1
809,Julianne Smith,Chris Hipkins,1
810,Julianne Smith,Fumio Kishida,1
811,Julianne Smith,Jens Stoltenberg,1
812,Julianne Smith,Joe Biden,1
813,Julianne Smith,Jorge Agobian,1
814,Julianne Smith,Mark Kennedy,1
815,Julianne Smith,Wang Wenbin,1
816,Julianne Smith,Yoon Suk Yeol,1
817,Justice Susan Kiefel,Gail Kelly,1
818,Karl Stefanovic,Martin Ollman,4
819,Karl Stefanovic,Martin Ollman Deputy,2
820,Karl Stefanovic,Michelle Bullock,2
821,Karl Stefanovic,Peter Dutton,2
822,Karl Stefanovic,Phil Lowe,2
823,Keegan Carroll,Andrew Leigh,81
824,Keegan Carroll,Angus Taylor,4
825,Keegan Carroll,Anthony Albanese,7
826,Keegan Carroll,Gary Ramage,20
827,Keegan Carroll,Isaac Gross,81
828,Keegan Carroll,Jenny Wilkinson,16
829,Keegan Carroll,Karen Barlow,27
830,Keegan Carroll,Minster Anthony Albanese,16
831,Keegan Carroll,Olivia Thornton,1
832,Keegan Carroll,Phil Lowe,88
833,Keegan Carroll,Sarah Basford Canales,11
834,Keegan Carroll,Steven Kennedy,16
835,Kerrynne Liddle,Anthony Albanese,1
836,Kerrynne Liddle,Axel Bruns,1
837,Kerrynne Liddle,Peter Dutton,1
838,Kevin Bonham,Alex Hawke,4
839,Kevin Bonham,Andrew Hirst,4
840,Kevin Bonham,Gary Ramage,2
841,Kevin Bonham,Ian Meikle,1
842,Kevin Bonham,Jason Falinski,4
843,Kevin Bonham,Jeremy Rockliff,4
844,Kevin Bonham,John Olsen,4
845,Kevin Bonham,John Pesutto,4
846,Kevin Bonham,Michelle Grattan,2
847,Kevin Bonham,Scott Morrison,4
848,Kevin Spacey,Kristine Mccartney,1
849,Kishida Fumio,Anthony Albanese,1
850,Kishida Fumio,Chris Hipkins,1
851,Kyrylo Budanov,Amanda Sloat,1
852,Kyrylo Budanov,Andriy Kovaliov,1
853,Kyrylo Budanov,Anthony Albanese,1
854,Kyrylo Budanov,Dmitry Medvedev,1
855,Kyrylo Budanov,Jake Sullivan,1
856,Kyrylo Budanov,Olaf Scholz,1
857,Kyrylo Budanov,Serhiy Popko,1
858,Lewis Jackson,Anthony Albanese,1
859,Lewis Jackson,Jim Chalmers,1
860,Lewis Jackson,Jonathan Kearns,1
861,Lewis Jackson,Philip Lowe,1
862,Lewis Jackson,Praveen Menon,1
863,Lewis Jackson,Stella Qiu,1
864,Lewis Jackson,Wayne Cole,1
865,Lidia Thorpe,Anthony Albanese,1
866,Lidia Thorpe,Axel Bruns,1
867,Lidia Thorpe,Celeste Liddle,1
868,Lidia Thorpe,Jeremy Rockliff,1
869,Lidia Thorpe,Jonathon Duniam,1
870,Lidia Thorpe,Kerrynne Liddle,1
871,Lidia Thorpe,Matthew Sheahan,1
872,Lidia Thorpe,Peter Dutton,1
873,Linda Burney,Anthony Albanese,1
874,Linda Burney,Australiafrom Europe,1
875,Linda Burney,Danny Brown,1
876,Linda Burney,Dorinda Cox,1
877,Linda Burney,Richard Marles,1
878,Linda Burney,Thomas Mayo,1
879,Linda Burney,Tony Buti,1
880,Luci Ellis,Dame Quentin Bryce,1
881,Luci Ellis,Gail Kelly,1
882,Luci Ellis,Julia Gillard,1
883,Luci Ellis,Justice Susan Kiefel,1
884,Lukas Coch,Angus Taylor,4
885,Lukas Coch,Anthony Albanese,7
886,Lukas Coch,David Gruen,4
887,Lukas Coch,Gary Ramage,4
888,Lukas Coch,Jane Hume,4
889,Lukas Coch,Jenny Wilkinson,4
890,Lukas Coch,Jim Chalmer,7
891,Lukas Coch,Karen Barlow,11
892,Lukas Coch,Keegan Carroll,11
893,Lukas Coch,Phil Lowe,11
894,Lukas Coch,Philip Lowe,7
895,Lukas Coch,Sarah Basford Canales,11
896,Lukas Coch,Steven Kennedy,4
897,Luke Hemer,Anthony Albanese,1
898,Luke Hemer,Don Farrell,1
899,Luke Hemer,Jim Chalmers,1
900,Luke Hemer,Tony Mahar,1
901,Marcus Harris,Anthony Albanese,1
902,Marcus Harris,Ashton Agar,1
903,Marcus Harris,Keegan Carroll,1
904,Marcus Harris,Olivia Thornton,1
905,Marcus Harris,Peter Roach,1
906,Mark Humphrey-Jenner,Steven Hamilton,10
907,Mark Kennedy,Anthony Albanese,1
908,Mark Kennedy,Celia Mendoza,1
909,Mark Kennedy,Chris Hipkins,1
910,Mark Kennedy,Fumio Kishida,1
911,Mark Kennedy,Jorge Agobian,1
912,Mark Kennedy,Wang Wenbin,1
913,Mark Kennedy,Yoon Suk Yeol,1
914,Mark Wood,Ben Wallace,1
915,Mark Wood,Huw Edwards,1
916,Mark Wood,Joe Biden,1
917,Mark Wood,Jonny Bairstow,1
918,Mark Wood,Paulius Peleckis Getty,1
919,Martin Ollman,Martin Ollman Deputy,2
920,Martin Ollman,Michelle Bullock,2
921,Martin Parkinson,Carolyn Wilkins,3
922,Martin Parkinson,Muralikumar Anantharaman,3
923,Martin Parkinson,Praveen Menon,3
924,Martin Parkinson,Wayne Cole,1
925,Mary Doyle,Alex Hawke,4
926,Mary Doyle,Andrew Hirst,4
927,Mary Doyle,Anthony Albanese,4
928,Mary Doyle,Gary Ramage,2
929,Mary Doyle,Ian Meikle,1
930,Mary Doyle,Jason Falinski,4
931,Mary Doyle,Jeremy Rockliff,4
932,Mary Doyle,John Olsen,4
933,Mary Doyle,John Pesutto,4
934,Mary Doyle,Kevin Bonham,4
935,Mary Doyle,Michelle Grattan,2
936,Mary Doyle,Scott Morrison,4
937,Matsuno Hirokazu,Anthony Albanese,1
938,Matsuno Hirokazu,Chris Hipkins,1
939,Matsuno Hirokazu,Kishida Fumio,1
940,Matthew Sheahan,Anthony Albanese,1
941,Matthew Sheahan,Axel Bruns,1
942,Matthew Sheahan,Jeremy Rockliff,1
943,Matthew Sheahan,Jonathon Duniam,1
944,Matthew Sheahan,Kerrynne Liddle,1
945,Matthew Sheahan,Peter Dutton,1
946,Michele Bullock,Adam Boyton,1
947,Michele Bullock,Andrew Bragg,1
948,Michele Bullock,Andrew Forrest,2
949,Michele Bullock,Andrew Leigh,82
950,Michele Bullock,Angus Taylor,8
951,Michele Bullock,Anthony Albanese,116
952,Michele Bullock,Barack Obama,1
953,Michele Bullock,Bernie Fraser,2
954,Michele Bullock,Bloomberg Businessweek,1
955,Michele Bullock,Bob Johnston,1
956,Michele Bullock,Carolyn Wilkins,3
957,Michele Bullock,Cassandra Goldie,1
958,Michele Bullock,Dame Quentin Bryce,1
959,Michele Bullock,Danielle Wood,1
960,Michele Bullock,David Crosling,2
961,Michele Bullock,David Gruen,7
962,Michele Bullock,Deputy Governorof,3
963,Michele Bullock,Gail Kelly,1
964,Michele Bullock,Gary Ramage,20
965,Michele Bullock,Glenn Stevens,1
966,Michele Bullock,Harry Knight,1
967,Michele Bullock,Ian Macfarlane,1
968,Michele Bullock,Innes Willox,1
969,Michele Bullock,Isaac Gross,81
970,Michele Bullock,Jane Hume,4
971,Michele Bullock,Janet Yellen,1
972,Michele Bullock,Jenny Wilkinson,56
973,Michele Bullock,Jim Chalmer,11
974,Michele Bullock,Jim Chalmers,97
975,Michele Bullock,Jock Phillips,1
976,Michele Bullock,Jonathan Kearns,1
977,Michele Bullock,Josh Frydenberg,82
978,Michele Bullock,Julia Gillard,4
979,Michele Bullock,Justice Susan Kiefel,1
980,Michele Bullock,Karen Barlow,40
981,Michele Bullock,Karl Stefanovic,4
982,Michele Bullock,Keegan Carroll,108
983,Michele Bullock,Kevin Spacey,1
984,Michele Bullock,Kristine Mccartney,1
985,Michele Bullock,Leslie Adler,3
986,Michele Bullock,Luci Ellis,1
987,Michele Bullock,Lukas Coch,12
988,Michele Bullock,Mark Humphrey-Jenner,10
989,Michele Bullock,Martin Ollman,5
990,Michele Bullock,Martin Ollman Deputy,2
991,Michele Bullock,Martin Parkinson,3
992,Michele Bullock,Michelle Bullock,3
993,Michele Bullock,Minster Anthony Albanese,29
994,Michele Bullock,Muralikumar Anantharaman,3
995,Michele Bullock,Nick Mckim,1
996,Michele Bullock,Nicki Connolly,2
997,Michele Bullock,Penny Wong,1
998,Michele Bullock,Peter Costello,1
999,Michele Bullock,Peter Dutton,11
1000,Michele Bullock,Peter King,1
1001,Michele Bullock,Phil Lowe,97
1002,Michele Bullock,Philip Lowe,117
1003,Michele Bullock,Praveen Menon,3
1004,Michele Bullock,Renju Jose,3
1005,Michele Bullock,Richard Marles,4
1006,Michele Bullock,Russell Lea,1
1007,Michele Bullock,Sally Mcmanus,1
1008,Michele Bullock,Sarah Basford Canales,11
1009,Michele Bullock,Steven Hamilton,11
1010,Michele Bullock,Steven Kennedy,56
1011,Michele Bullock,Wang Yi,1
1012,Michele Bullock,Wayne Cole,2
1013,Michelle Bullock,Adam Boyton,1
1014,Michelle Bullock,Andrew Bragg,1
1015,Michelle Bullock,Andrew Forrest,1
1016,Michelle Bullock,Anthony Albanese,2
1017,Michelle Bullock,Barack Obama,1
1018,Michelle Bullock,Bernie Fraser,1
1019,Michelle Bullock,Bob Johnston,1
1020,Michelle Bullock,Dame Quentin Bryce,1
1021,Michelle Bullock,Gail Kelly,1
1022,Michelle Bullock,Glenn Stevens,2
1023,Michelle Bullock,Harry Knight,1
1024,Michelle Bullock,Ian Macfarlane,1
1025,Michelle Bullock,Janet Yellen,1
1026,Michelle Bullock,Jenny Wilkinson,1
1027,Michelle Bullock,Jim Chalmers,1
1028,Michelle Bullock,Jock Phillips,1
1029,Michelle Bullock,Josh Frydenberg,1
1030,Michelle Bullock,Julia Gillard,1
1031,Michelle Bullock,Justice Susan Kiefel,1
1032,Michelle Bullock,Luci Ellis,1
1033,Michelle Bullock,Martin Ollman,1
1034,Michelle Bullock,Nick Mckim,1
1035,Michelle Bullock,Peter Costello,1
1036,Michelle Bullock,Peter Dutton,1
1037,Michelle Bullock,Phil Lowe,1
1038,Michelle Bullock,Philip Lowe,1
1039,Michelle Bullock,Robert Macfarlane,1
1040,Michelle Bullock,Steven Kennedy,1
1041,Michelle Grattan,Alan Tudge,1
1042,Michelle Grattan,Alex Hawke,1
1043,Michelle Grattan,Andrew Hirst,1
1044,Michelle Grattan,Anthony Albanese,1
1045,Michelle Grattan,Cameron Caldwell,1
1046,Michelle Grattan,Ian Meikle,1
1047,Michelle Grattan,Jason Falinski,1
1048,Michelle Grattan,Jeremy Rockliff,1
1049,Michelle Grattan,John Olsen,1
1050,Michelle Grattan,John Pesutto,1
1051,Michelle Grattan,Kevin Bonham,1
1052,Michelle Grattan,Mary Doyle,1
1053,Michelle Grattan,Scott Morrison,1
1054,Minster Anthony Albanese,Gary Ramage,16
1055,Minster Anthony Albanese,Jenny Wilkinson,29
1056,Minster Anthony Albanese,Karen Barlow,29
1057,Minster Anthony Albanese,Steven Kennedy,29
1058,Muralikumar Anantharaman,Wayne Cole,1
1059,Nick Mckim,Adam Boyton,1
1060,Nick Mckim,Bob Johnston,1
1061,Nick Mckim,Dame Quentin Bryce,1
1062,Nick Mckim,Gail Kelly,1
1063,Nick Mckim,Glenn Stevens,1
1064,Nick Mckim,Harry Knight,1
1065,Nick Mckim,Ian Macfarlane,1
1066,Nick Mckim,Jock Phillips,1
1067,Nick Mckim,Julia Gillard,1
1068,Nick Mckim,Justice Susan Kiefel,1
1069,Nick Mckim,Luci Ellis,1
1070,Nick Mckim,Peter Costello,1
1071,Nick Mckim,Peter Dutton,1
1072,Nicki Connolly,Angus Taylor,2
1073,Nicki Connolly,Karl Stefanovic,2
1074,Nicki Connolly,Martin Ollman,2
1075,Nicki Connolly,Martin Ollman Deputy,2
1076,Nicki Connolly,Richard Marles,2
1077,Olaf Scholz,Amanda Sloat,1
1078,Olaf Scholz,Andriy Kovaliov,1
1079,Olaf Scholz,Dmitry Medvedev,1
1080,Olaf Scholz,Jake Sullivan,1
1081,Olaf Scholz,Serhiy Popko,1
1082,Paulius Peleckis Getty,Huw Edwards,1
1083,Penny Wong,Anthony Albanese,4
1084,Penny Wong,Cheng Lei,3
1085,Penny Wong,Don Pramudwinai,1
1086,Penny Wong,Josep Borrell,1
1087,Penny Wong,Kevin Spacey,1
1088,Penny Wong,Kristine Mccartney,1
1089,Penny Wong,Sergei Lavrov,1
1090,Penny Wong,Suu Kyi,1
1091,Penny Wong,Wang Yi,3
1092,Penny Wong,Yang Hengjun,3
1093,Peter Costello,Adam Boyton,1
1094,Peter Costello,Bob Johnston,1
1095,Peter Costello,Dame Quentin Bryce,1
1096,Peter Costello,Gail Kelly,1
1097,Peter Costello,Glenn Stevens,1
1098,Peter Costello,Harry Knight,1
1099,Peter Costello,Ian Macfarlane,1
1100,Peter Costello,Jock Phillips,1
1101,Peter Costello,Julia Gillard,1
1102,Peter Costello,Justice Susan Kiefel,1
1103,Peter Costello,Luci Ellis,1
1104,Peter Dutton,Adam Boyton,1
1105,Peter Dutton,Alan Tudge,4
1106,Peter Dutton,Alex Hawke,4
1107,Peter Dutton,Andrew Hirst,4
1108,Peter Dutton,Andrew Whitecross,48
1109,Peter Dutton,Angus Taylor,7
1110,Peter Dutton,Anthony Albanese,4
1111,Peter Dutton,Axel Bruns,1
1112,Peter Dutton,Bob Johnston,1
1113,Peter Dutton,Cameron Caldwell,4
1114,Peter Dutton,Catherine Holmes,48
1115,Peter Dutton,Dame Quentin Bryce,1
1116,Peter Dutton,Danielle Wood,1
1117,Peter Dutton,David Gruen,4
1118,Peter Dutton,David Hurley,1
1119,Peter Dutton,Gail Kelly,1
1120,Peter Dutton,Gary Ramage,6
1121,Peter Dutton,Glenn Stevens,1
1122,Peter Dutton,Harry Knight,1
1123,Peter Dutton,Ian Macfarlane,1
1124,Peter Dutton,Ian Meikle,1
1125,Peter Dutton,Innes Willox,1
1126,Peter Dutton,Jack Waterford,48
1127,Peter Dutton,Jane Hume,4
1128,Peter Dutton,Jason Falinski,4
1129,Peter Dutton,Jenny Wilkinson,4
1130,Peter Dutton,Jeremy Rockliff,4
1131,Peter Dutton,Jock Phillips,1
1132,Peter Dutton,John Olsen,4
1133,Peter Dutton,John Pesutto,4
1134,Peter Dutton,Julia Gillard,1
1135,Peter Dutton,Justice Susan Kiefel,1
1136,Peter Dutton,Karen Barlow,4
1137,Peter Dutton,Karl Stefanovic,2
1138,Peter Dutton,Keegan Carroll,4
1139,Peter Dutton,Kevin Bonham,4
1140,Peter Dutton,Leslie Adler,1
1141,Peter Dutton,Luci Ellis,1
1142,Peter Dutton,Lukas Coch,4
1143,Peter Dutton,Mark Dreyfus,48
1144,Peter Dutton,Martin Ollman,4
1145,Peter Dutton,Martin Ollman Deputy,2
1146,Peter Dutton,Mary Doyle,4
1147,Peter Dutton,Michelle Bullock,2
1148,Peter Dutton,Michelle Grattan,3
1149,Peter Dutton,Nicki Connolly,2
1150,Peter Dutton,Peter Costello,1
1151,Peter Dutton,Phil Lowe,8
1152,Peter Dutton,Reece Kershaw,48
1153,Peter Dutton,Renju Jose,1
1154,Peter Dutton,Richard Marles,2
1155,Peter Dutton,Sarah Basford Canales,4
1156,Peter Dutton,Scott Morrison,4
1157,Peter Dutton,Sitthixay Ditthavong,2
1158,Peter Dutton,Steven Hamilton,1
1159,Peter Dutton,Steven Kennedy,4
1160,Peter Handscomb,Anthony Albanese,1
1161,Peter Handscomb,Ashton Agar,1
1162,Peter Handscomb,Keegan Carroll,1
1163,Peter Handscomb,Marcus Harris,1
1164,Peter Handscomb,Olivia Thornton,1
1165,Peter Handscomb,Peter Roach,1
1166,Peter King,Andrew Forrest,1
1167,Peter Roach,Anthony Albanese,1
1168,Peter Roach,Keegan Carroll,1
1169,Peter Roach,Olivia Thornton,1
1170,Phil Lowe,Andrew Leigh,82
1171,Phil Lowe,Angus Taylor,6
1172,Phil Lowe,Gary Ramage,4
1173,Phil Lowe,Isaac Gross,81
1174,Phil Lowe,Jane Hume,4
1175,Phil Lowe,Karen Barlow,11
1176,Phil Lowe,Karl Stefanovic,2
1177,Phil Lowe,Keegan Carroll,4
1178,Phil Lowe,Martin Ollman,5
1179,Phil Lowe,Martin Ollman Deputy,2
1180,Phil Lowe,Michelle Bullock,2
1181,Phil Lowe,Nicki Connolly,2
1182,Phil Lowe,Richard Marles,2
1183,Phil Lowe,Sarah Basford Canales,11
1184,Philip Lowe,Adam Boyton,1
1185,Philip Lowe,Andrew Bragg,1
1186,Philip Lowe,Andrew Forrest,2
1187,Philip Lowe,Andrew Leigh,82
1188,Philip Lowe,Angus Taylor,8
1189,Philip Lowe,Anthony Albanese,35
1190,Philip Lowe,Barack Obama,1
1191,Philip Lowe,Bernie Fraser,2
1192,Philip Lowe,Bob Johnston,1
1193,Philip Lowe,Carolyn Wilkins,3
1194,Philip Lowe,Cassandra Goldie,1
1195,Philip Lowe,Dame Quentin Bryce,1
1196,Philip Lowe,Danielle Wood,1
1197,Philip Lowe,David Crosling,2
1198,Philip Lowe,David Gruen,7
1199,Philip Lowe,Deputy Governorof,3
1200,Philip Lowe,Gail Kelly,1
1201,Philip Lowe,Gary Ramage,33
1202,Philip Lowe,Glenn Stevens,2
1203,Philip Lowe,Harry Knight,1
1204,Philip Lowe,Ian Macfarlane,1
1205,Philip Lowe,Innes Willox,1
1206,Philip Lowe,Isaac Gross,81
1207,Philip Lowe,Jane Hume,4
1208,Philip Lowe,Janet Yellen,1
1209,Philip Lowe,Jenny Wilkinson,54
1210,Philip Lowe,Jim Chalmer,29
1211,Philip Lowe,Jim Chalmers,23
1212,Philip Lowe,Jock Phillips,1
1213,Philip Lowe,Jonathan Kearns,2
1214,Philip Lowe,Josh Frydenberg,1
1215,Philip Lowe,Julia Gillard,4
1216,Philip Lowe,Justice Susan Kiefel,1
1217,Philip Lowe,Karen Barlow,40
1218,Philip Lowe,Karl Stefanovic,4
1219,Philip Lowe,Keegan Carroll,108
1220,Philip Lowe,Kevin Spacey,1
1221,Philip Lowe,Kristine Mccartney,1
1222,Philip Lowe,Leslie Adler,3
1223,Philip Lowe,Luci Ellis,1
1224,Philip Lowe,Lukas Coch,5
1225,Philip Lowe,Mark Humphrey-Jenner,10
1226,Philip Lowe,Martin Ollman,6
1227,Philip Lowe,Martin Ollman Deputy,2
1228,Philip Lowe,Martin Parkinson,3
1229,Philip Lowe,Michele Bullock,40
1230,Philip Lowe,Michelle Bullock,5
1231,Philip Lowe,Minster Anthony Albanese,29
1232,Philip Lowe,Muralikumar Anantharaman,3
1233,Philip Lowe,Nick Mckim,1
1234,Philip Lowe,Nicki Connolly,2
1235,Philip Lowe,Penny Wong,1
1236,Philip Lowe,Peter Costello,1
1237,Philip Lowe,Peter Dutton,11
1238,Philip Lowe,Peter King,1
1239,Philip Lowe,Phil Lowe,98
1240,Philip Lowe,Praveen Menon,4
1241,Philip Lowe,Renju Jose,3
1242,Philip Lowe,Richard Marles,4
1243,Philip Lowe,Robert Macfarlane,1
1244,Philip Lowe,Russell Lea,1
1245,Philip Lowe,Sarah Basford Canales,11
1246,Philip Lowe,Steven Hamilton,11
1247,Philip Lowe,Steven Kennedy,54
1248,Philip Lowe,Wang Yi,1
1249,Philip Lowe,Wayne Cole,2
1250,Praveen Menon,Muralikumar Anantharaman,3
1251,Praveen Menon,Wayne Cole,1
1252,Reece Kershaw,Jack Waterford,48
1253,Reece Kershaw,Mark Dreyfus,48
1254,Renju Jose,Leslie Adler,3
1255,Retno Marsudi,Anthony Albanese,1
1256,Retno Marsudi,Asean Yohannes Abraham,1
1257,Retno Marsudi,Don Pramudwinai,1
1258,Retno Marsudi,Josep Borrell,1
1259,Retno Marsudi,Penny Wong,1
1260,Retno Marsudi,Sergei Lavrov,1
1261,Retno Marsudi,Suu Kyi,1
1262,Richard Marles,Anthony Albanese,1
1263,Richard Marles,Australiafrom Europe,1
1264,Richard Marles,Danny Brown,1
1265,Richard Marles,Dorinda Cox,1
1266,Richard Marles,Karl Stefanovic,4
1267,Richard Marles,Martin Ollman,4
1268,Richard Marles,Martin Ollman Deputy,2
1269,Richard Marles,Michelle Bullock,2
1270,Richard Marles,Peter Dutton,2
1271,Richard Marles,Phil Lowe,2
1272,Richard Marles,Thomas Mayo,1
1273,Richard Marles,Tony Buti,1
1274,Robert Macfarlane,Martin Ollman,1
1275,Robert Macfarlane,Phil Lowe,1
1276,Rodong Sinmun,Anthony Albanese,1
1277,Rodong Sinmun,Chris Hipkins,1
1278,Rodong Sinmun,Kishida Fumio,1
1279,Rodong Sinmun,Matsuno Hirokazu,1
1280,Russell Lea,Adam Boyton,1
1281,Russell Lea,Andrew Bragg,1
1282,Russell Lea,Andrew Forrest,1
1283,Russell Lea,Anthony Albanese,1
1284,Russell Lea,Barack Obama,1
1285,Russell Lea,Bernie Fraser,1
1286,Russell Lea,Bob Johnston,1
1287,Russell Lea,Dame Quentin Bryce,1
1288,Russell Lea,Gail Kelly,1
1289,Russell Lea,Glenn Stevens,1
1290,Russell Lea,Harry Knight,1
1291,Russell Lea,Ian Macfarlane,1
1292,Russell Lea,Janet Yellen,1
1293,Russell Lea,Jenny Wilkinson,1
1294,Russell Lea,Jim Chalmers,1
1295,Russell Lea,Jock Phillips,1
1296,Russell Lea,Josh Frydenberg,1
1297,Russell Lea,Julia Gillard,1
1298,Russell Lea,Justice Susan Kiefel,1
1299,Russell Lea,Luci Ellis,1
1300,Russell Lea,Michelle Bullock,1
1301,Russell Lea,Nick Mckim,1
1302,Russell Lea,Peter Costello,1
1303,Russell Lea,Peter Dutton,1
1304,Russell Lea,Steven Kennedy,1
1305,Sally Mcmanus,Angus Taylor,1
1306,Sally Mcmanus,Anthony Albanese,1
1307,Sally Mcmanus,Cassandra Goldie,1
1308,Sally Mcmanus,Danielle Wood,1
1309,Sally Mcmanus,Innes Willox,1
1310,Sally Mcmanus,Jenny Wilkinson,1
1311,Sally Mcmanus,Peter Dutton,1
1312,Sally Mcmanus,Philip Lowe,1
1313,Sally Mcmanus,Steven Hamilton,1
1314,Sally Mcmanus,Steven Kennedy,1
1315,Sam Altman,Anthony Albanese,1
1316,Sam Altman,Ed Husic,1
1317,Sarah Basford Canales,Karen Barlow,11
1318,Scott Morrison,Andrew Hirst,4
1319,Scott Morrison,Gary Ramage,2
1320,Scott Morrison,Ian Meikle,1
1321,Scott Morrison,Jason Falinski,4
1322,Scott Morrison,Jeremy Rockliff,4
1323,Scott Morrison,John Olsen,4
1324,Scott Morrison,John Pesutto,4
1325,Scott Morrison,Michelle Grattan,2
1326,Serhiy Popko,Dmitry Medvedev,1
1327,Serhiy Popko,Jake Sullivan,1
1328,Sitthixay Ditthavong,Alex Hawke,2
1329,Sitthixay Ditthavong,Andrew Hirst,2
1330,Sitthixay Ditthavong,Anthony Albanese,3
1331,Sitthixay Ditthavong,Ashton Agar,1
1332,Sitthixay Ditthavong,Cameron Caldwell,2
1333,Sitthixay Ditthavong,Gary Ramage,2
1334,Sitthixay Ditthavong,Jason Falinski,2
1335,Sitthixay Ditthavong,Jeremy Rockliff,2
1336,Sitthixay Ditthavong,John Olsen,2
1337,Sitthixay Ditthavong,John Pesutto,2
1338,Sitthixay Ditthavong,Keegan Carroll,1
1339,Sitthixay Ditthavong,Kevin Bonham,2
1340,Sitthixay Ditthavong,Marcus Harris,1
1341,Sitthixay Ditthavong,Mary Doyle,2
1342,Sitthixay Ditthavong,Michelle Grattan,2
1343,Sitthixay Ditthavong,Olivia Thornton,1
1344,Sitthixay Ditthavong,Peter Handscomb,1
1345,Sitthixay Ditthavong,Peter Roach,1
1346,Sitthixay Ditthavong,Scott Morrison,2
1347,Stella Qiu,Anthony Albanese,1
1348,Stella Qiu,Jim Chalmers,1
1349,Stella Qiu,Jonathan Kearns,1
1350,Stella Qiu,Philip Lowe,1
1351,Stella Qiu,Praveen Menon,1
1352,Stella Qiu,Wayne Cole,1
1353,Stephane Dujarric,Amanda Sloat,1
1354,Stephane Dujarric,Andriy Kovaliov,1
1355,Stephane Dujarric,Anthony Albanese,1
1356,Stephane Dujarric,Dmitry Medvedev,1
1357,Stephane Dujarric,Dmitry Peskov,1
1358,Stephane Dujarric,Emmanuelle Chaze,1
1359,Stephane Dujarric,Jake Sullivan,1
1360,Stephane Dujarric,Kyrylo Budanov,1
1361,Stephane Dujarric,Olaf Scholz,1
1362,Stephane Dujarric,Serhiy Popko,1
1363,Stephane Dujarric,Tayyip Erdogan,1
1364,Stephane Dujarric,Vyacheslav Volodin,1
1365,Steven Hamilton,Danielle Wood,1
1366,Steven Kennedy,Adam Boyton,1
1367,Steven Kennedy,Andrew Bragg,1
1368,Steven Kennedy,Angus Taylor,8
1369,Steven Kennedy,Anthony Albanese,1
1370,Steven Kennedy,Bloomberg Businessweek,1
1371,Steven Kennedy,Bob Johnston,1
1372,Steven Kennedy,Carolyn Wilkins,3
1373,Steven Kennedy,Dame Quentin Bryce,1
1374,Steven Kennedy,Danielle Wood,1
1375,Steven Kennedy,David Gruen,7
1376,Steven Kennedy,Gail Kelly,1
1377,Steven Kennedy,Gary Ramage,4
1378,Steven Kennedy,Glenn Stevens,1
1379,Steven Kennedy,Harry Knight,1
1380,Steven Kennedy,Ian Macfarlane,1
1381,Steven Kennedy,Innes Willox,1
1382,Steven Kennedy,Jane Hume,4
1383,Steven Kennedy,Jenny Wilkinson,50
1384,Steven Kennedy,Jim Chalmers,10
1385,Steven Kennedy,Jock Phillips,1
1386,Steven Kennedy,Julia Gillard,4
1387,Steven Kennedy,Justice Susan Kiefel,1
1388,Steven Kennedy,Karen Barlow,33
1389,Steven Kennedy,Karl Stefanovic,4
1390,Steven Kennedy,Keegan Carroll,4
1391,Steven Kennedy,Leslie Adler,1
1392,Steven Kennedy,Luci Ellis,1
1393,Steven Kennedy,Mark Humphrey-Jenner,10
1394,Steven Kennedy,Martin Ollman,4
1395,Steven Kennedy,Martin Ollman Deputy,2
1396,Steven Kennedy,Martin Parkinson,3
1397,Steven Kennedy,Michelle Bullock,2
1398,Steven Kennedy,Muralikumar Anantharaman,3
1399,Steven Kennedy,Nick Mckim,1
1400,Steven Kennedy,Nicki Connolly,2
1401,Steven Kennedy,Peter Costello,1
1402,Steven Kennedy,Peter Dutton,7
1403,Steven Kennedy,Phil Lowe,8
1404,Steven Kennedy,Praveen Menon,3
1405,Steven Kennedy,Renju Jose,1
1406,Steven Kennedy,Richard Marles,4
1407,Steven Kennedy,Sarah Basford Canales,4
1408,Steven Kennedy,Steven Hamilton,11
1409,Steven Kennedy,Wayne Cole,1
1410,Stuart Robert,Alan Tudge,3
1411,Stuart Robert,Alex Hawke,3
1412,Stuart Robert,Andrew Hirst,3
1413,Stuart Robert,Anthony Albanese,3
1414,Stuart Robert,Cameron Caldwell,3
1415,Stuart Robert,Gary Ramage,2
1416,Stuart Robert,Jason Falinski,3
1417,Stuart Robert,Jeremy Rockliff,3
1418,Stuart Robert,John Olsen,3
1419,Stuart Robert,John Pesutto,3
1420,Stuart Robert,Kevin Bonham,3
1421,Stuart Robert,Mary Doyle,3
1422,Stuart Robert,Michelle Grattan,2
1423,Stuart Robert,Peter Dutton,3
1424,Stuart Robert,Scott Morrison,3
1425,Stuart Robert,Sitthixay Ditthavong,2
1426,Suu Kyi,Don Pramudwinai,1
1427,Suu Kyi,Josep Borrell,1
1428,Suu Kyi,Sergei Lavrov,1
1429,Tanya Plibersek,Anthony Albanese,14
1430,Tanya Plibersek,Chuen Cheng,14
1431,Tanya Plibersek,Deborah Bateson,14
1432,Tayyip Erdogan,Amanda Sloat,1
1433,Tayyip Erdogan,Andriy Kovaliov,1
1434,Tayyip Erdogan,Anthony Albanese,1
1435,Tayyip Erdogan,Dmitry Medvedev,1
1436,Tayyip Erdogan,Dmitry Peskov,1
1437,Tayyip Erdogan,Emmanuelle Chaze,1
1438,Tayyip Erdogan,Jake Sullivan,1
1439,Tayyip Erdogan,Kyrylo Budanov,1
1440,Tayyip Erdogan,Olaf Scholz,1
1441,Tayyip Erdogan,Serhiy Popko,1
1442,Tayyip Erdogan,Vyacheslav Volodin,1
1443,Thomas Mayo,Anthony Albanese,1
1444,Thomas Mayo,Australiafrom Europe,1
1445,Thomas Mayo,Danny Brown,1
1446,Todd Murphy,Anthony Albanese,1
1447,Todd Murphy,Ashton Agar,1
1448,Todd Murphy,Keegan Carroll,1
1449,Todd Murphy,Marcus Harris,1
1450,Todd Murphy,Olivia Thornton,1
1451,Todd Murphy,Peter Handscomb,1
1452,Todd Murphy,Peter Roach,1
1453,Todd Murphy,Sitthixay Ditthavong,1
1454,Tony Buti,Anthony Albanese,1
1455,Tony Buti,Australiafrom Europe,1
1456,Tony Buti,Danny Brown,1
1457,Tony Buti,Thomas Mayo,1
1458,Viktor Shvets,Adam Boyton,1
1459,Viktor Shvets,Anthony Albanese,1
1460,Viktor Shvets,Michele Bullock,1
1461,Viktor Shvets,Philip Lowe,1
1462,Vladimir Putin,Amanda Sloat,1
1463,Vladimir Putin,Andriy Kovaliov,1
1464,Vladimir Putin,Anthony Albanese,1
1465,Vladimir Putin,Dmitry Medvedev,1
1466,Vladimir Putin,Dmitry Peskov,1
1467,Vladimir Putin,Emmanuelle Chaze,1
1468,Vladimir Putin,Jake Sullivan,1
1469,Vladimir Putin,Kyrylo Budanov,1
1470,Vladimir Putin,Olaf Scholz,1
1471,Vladimir Putin,Serhiy Popko,1
1472,Vladimir Putin,Stephane Dujarric,1
1473,Vladimir Putin,Tayyip Erdogan,1
1474,Vladimir Putin,Vyacheslav Volodin,1
1475,Volodymr Zelensky,Anthony Albanese,1
1476,Volodymr Zelensky,Ben Wallace,1
1477,Volodymr Zelensky,Chris Woakes,1
1478,Volodymr Zelensky,Huw Edwards,1
1479,Volodymr Zelensky,Joe Biden,1
1480,Volodymr Zelensky,Jonny Bairstow,1
1481,Volodymr Zelensky,Mark Wood,1
1482,Volodymr Zelensky,Paulius Peleckis Getty,1
1483,Volodymyr Zelensky,Amanda Sloat,1
1484,Volodymyr Zelensky,Andriy Kovaliov,1
1485,Volodymyr Zelensky,Anthony Albanese,1
1486,Volodymyr Zelensky,Antonio Guterres,1
1487,Volodymyr Zelensky,Ben Wallace,1
1488,Volodymyr Zelensky,Dmitry Medvedev,1
1489,Volodymyr Zelensky,Dmitry Peskov,1
1490,Volodymyr Zelensky,Emmanuelle Chaze,1
1491,Volodymyr Zelensky,Jake Sullivan,1
1492,Volodymyr Zelensky,Joe Biden,1
1493,Volodymyr Zelensky,Kyrylo Budanov,1
1494,Volodymyr Zelensky,Olaf Scholz,1
1495,Volodymyr Zelensky,Serhiy Popko,1
1496,Volodymyr Zelensky,Stephane Dujarric,1
1497,Volodymyr Zelensky,Tayyip Erdogan,1
1498,Volodymyr Zelensky,Vladimir Putin,1
1499,Volodymyr Zelensky,Vyacheslav Volodin,1
1500,Volodymyr Zelenskyy,Julie Collins,1
1501,Vyacheslav Volodin,Amanda Sloat,1
1502,Vyacheslav Volodin,Andriy Kovaliov,1
1503,Vyacheslav Volodin,Anthony Albanese,1
1504,Vyacheslav Volodin,Dmitry Medvedev,1
1505,Vyacheslav Volodin,Dmitry Peskov,1
1506,Vyacheslav Volodin,Emmanuelle Chaze,1
1507,Vyacheslav Volodin,Jake Sullivan,1
1508,Vyacheslav Volodin,Kyrylo Budanov,1
1509,Vyacheslav Volodin,Olaf Scholz,1
1510,Vyacheslav Volodin,Serhiy Popko,1
1511,Wang Wenbin,Celia Mendoza,1
1512,Wang Wenbin,Jorge Agobian,1
1513,Wang Yi,Anthony Albanese,4
1514,Wang Yi,Asean Yohannes Abraham,1
1515,Wang Yi,Cheng Lei,3
1516,Wang Yi,Don Pramudwinai,1
1517,Wang Yi,Josep Borrell,1
1518,Wang Yi,Kevin Spacey,1
1519,Wang Yi,Kristine Mccartney,1
1520,Wang Yi,Penny Wong,2
1521,Wang Yi,Retno Marsudi,1
1522,Wang Yi,Sergei Lavrov,1
1523,Wang Yi,Suu Kyi,1
1524,Wang Yi,Yang Hengjun,3
1525,Wayne Cole,Angus Taylor,1
1526,Wayne Cole,Anthony Albanese,5
1527,Wayne Cole,Carolyn Wilkins,2
1528,Wayne Cole,David Gruen,2
1529,Wayne Cole,Deputy Governorof,2
1530,Wayne Cole,Jenny Wilkinson,3
1531,Wayne Cole,Jim Chalmers,4
1532,Wayne Cole,Jonathan Kearns,1
1533,Wayne Cole,Julia Gillard,2
1534,Wayne Cole,Leslie Adler,3
1535,Wayne Cole,Martin Parkinson,2
1536,Wayne Cole,Michele Bullock,4
1537,Wayne Cole,Muralikumar Anantharaman,2
1538,Wayne Cole,Peter Dutton,1
1539,Wayne Cole,Philip Lowe,5
1540,Wayne Cole,Praveen Menon,3
1541,Wayne Cole,Renju Jose,3
1542,Wayne Cole,Steven Kennedy,3
1543,Xinhua Michele Bullock,Anthony Albanese,1
1544,Xinhua Michele Bullock,Jim Chalmers,1
1545,Xinhua Michele Bullock,Philip Lowe,1
1546,Yang Hengjun,Anthony Albanese,3
1547,Yang Hengjun,Ted Hui,1
1548,Yoon Suk Yeol,Celia Mendoza,1
1549,Yoon Suk Yeol,Jorge Agobian,1
1550,Yoon Suk Yeol,Wang Wenbin,1
