Source,Target,count,weight
Adam Boyton,Anthony Albanese,1,0.008547008547008548
Adam Boyton,Dame Quentin Bryce,1,0.008547008547008548
Adam Boyton,Gail Kelly,1,0.008547008547008548
Adam Boyton,Julia Gillard,1,0.008547008547008548
Adam Boyton,Justice Susan Kiefel,1,0.008547008547008548
Adam Boyton,Luci Ellis,1,0.008547008547008548
Adam Boyton,Michele Bullock,1,0.008547008547008548
Adam Boyton,Philip Lowe,1,0.008547008547008548
Alan Tudge,Alex Hawke,2,0.017094017094017096
Alan Tudge,Andrew Hirst,2,0.017094017094017096
Alan Tudge,Anthony Albanese,2,0.017094017094017096
Alan Tudge,Cameron Caldwell,2,0.017094017094017096
Alan Tudge,Jason Falinski,2,0.017094017094017096
Alan Tudge,Jeremy Rockliff,2,0.017094017094017096
Alan Tudge,John Olsen,2,0.017094017094017096
Alan Tudge,John Pesutto,2,0.017094017094017096
Alan Tudge,Kevin Bonham,2,0.017094017094017096
Alan Tudge,Mary Doyle,2,0.017094017094017096
Alan Tudge,Scott Morrison,2,0.017094017094017096
Alex Carey,Ben Stokes,1,0.008547008547008548
Alex Carey,Cameron Bancroft,1,0.008547008547008548
Alex Carey,Chris Woakes,1,0.008547008547008548
Alex Carey,David Warner,1,0.008547008547008548
Alex Carey,Mark Wood,1,0.008547008547008548
Alex Carey,Shah Rukh Khan,1,0.008547008547008548
Alex Carey,Steve Smith,1,0.008547008547008548
Alex Hawke,Andrew Hirst,2,0.017094017094017096
Alex Hawke,Jason Falinski,2,0.017094017094017096
Alex Hawke,Jeremy Rockliff,2,0.017094017094017096
Alex Hawke,John Olsen,2,0.017094017094017096
Alex Hawke,John Pesutto,2,0.017094017094017096
Alex Hawke,Scott Morrison,2,0.017094017094017096
Ali Alatas,Evelyn Goh,1,0.008547008547008548
Ali Alatas,Hasjim Djalal,1,0.008547008547008548
Ali Alatas,Khong Yuen Foong,1,0.008547008547008548
Ali Alatas,Noordin Sopiee,1,0.008547008547008548
Ali Alatas,Paul Evans,1,0.008547008547008548
Ali Alatas,Ralph Cossa,1,0.008547008547008548
Ali Alatas,Rizal Sukma,1,0.008547008547008548
America Atlantic,America Pacific,3,0.02564102564102564
America Atlantic,Anthony Albanese,3,0.02564102564102564
America Atlantic,Celia Mendoza,2,0.017094017094017096
America Atlantic,Chris Hipkins,3,0.02564102564102564
America Atlantic,Fumio Kishida,3,0.02564102564102564
America Atlantic,Jens Stoltenberg,3,0.02564102564102564
America Atlantic,Joe Biden,3,0.02564102564102564
America Atlantic,Jorge Agobian,2,0.017094017094017096
America Atlantic,Mark Kennedy,3,0.02564102564102564
America Atlantic,Wang Wenbin,3,0.02564102564102564
America Atlantic,Yoon Suk Yeol,3,0.02564102564102564
America Pacific,Anthony Albanese,3,0.02564102564102564
America Pacific,Celia Mendoza,2,0.017094017094017096
America Pacific,Chris Hipkins,3,0.02564102564102564
America Pacific,Fumio Kishida,3,0.02564102564102564
America Pacific,Jens Stoltenberg,3,0.02564102564102564
America Pacific,Joe Biden,3,0.02564102564102564
America Pacific,Jorge Agobian,2,0.017094017094017096
America Pacific,Mark Kennedy,3,0.02564102564102564
America Pacific,Wang Wenbin,3,0.02564102564102564
America Pacific,Yoon Suk Yeol,3,0.02564102564102564
Andrew Bragg,Adam Boyton,1,0.008547008547008548
Andrew Bragg,Bob Johnston,1,0.008547008547008548
Andrew Bragg,Dame Quentin Bryce,1,0.008547008547008548
Andrew Bragg,Gail Kelly,1,0.008547008547008548
Andrew Bragg,Glenn Stevens,1,0.008547008547008548
Andrew Bragg,Harry Knight,1,0.008547008547008548
Andrew Bragg,Ian Macfarlane,1,0.008547008547008548
Andrew Bragg,Jock Phillips,1,0.008547008547008548
Andrew Bragg,Julia Gillard,1,0.008547008547008548
Andrew Bragg,Justice Susan Kiefel,1,0.008547008547008548
Andrew Bragg,Luci Ellis,1,0.008547008547008548
Andrew Bragg,Nick Mckim,1,0.008547008547008548
Andrew Bragg,Peter Costello,1,0.008547008547008548
Andrew Bragg,Peter Dutton,1,0.008547008547008548
Andrew Forrest,Adam Boyton,1,0.008547008547008548
Andrew Forrest,Andrew Bragg,1,0.008547008547008548
Andrew Forrest,Barack Obama,1,0.008547008547008548
Andrew Forrest,Bob Johnston,1,0.008547008547008548
Andrew Forrest,Dame Quentin Bryce,1,0.008547008547008548
Andrew Forrest,Gail Kelly,1,0.008547008547008548
Andrew Forrest,Glenn Stevens,1,0.008547008547008548
Andrew Forrest,Harry Knight,1,0.008547008547008548
Andrew Forrest,Ian Macfarlane,1,0.008547008547008548
Andrew Forrest,Janet Yellen,1,0.008547008547008548
Andrew Forrest,Jenny Wilkinson,1,0.008547008547008548
Andrew Forrest,Jock Phillips,1,0.008547008547008548
Andrew Forrest,Josh Frydenberg,1,0.008547008547008548
Andrew Forrest,Julia Gillard,1,0.008547008547008548
Andrew Forrest,Justice Susan Kiefel,1,0.008547008547008548
Andrew Forrest,Luci Ellis,1,0.008547008547008548
Andrew Forrest,Nick Mckim,1,0.008547008547008548
Andrew Forrest,Nicola Forrest,1,0.008547008547008548
Andrew Forrest,Peter Costello,1,0.008547008547008548
Andrew Forrest,Peter Dutton,1,0.008547008547008548
Andrew Forrest,Steven Kennedy,1,0.008547008547008548
Andrew Hastie,Anthony Albanese,1,0.008547008547008548
Andrew Hastie,James Peterson,1,0.008547008547008548
Andrew Hastie,Joe Biden,3,0.02564102564102564
Andrew Hastie,Justin Trudeau,3,0.02564102564102564
Andrew Hirst,Jason Falinski,2,0.017094017094017096
Andrew Hirst,Jeremy Rockliff,2,0.017094017094017096
Andrew Hirst,John Pesutto,2,0.017094017094017096
Andrew Leigh,Isaac Gross,81,0.6923076923076923
Andrew Whitecross,Catherine Holmes,48,0.41025641025641024
Andrew Whitecross,David Hurley,1,0.008547008547008548
Andrew Whitecross,Jack Waterford,48,0.41025641025641024
Andrew Whitecross,Mark Dreyfus,48,0.41025641025641024
Andrew Whitecross,Reece Kershaw,48,0.41025641025641024
Angus King,Anthony Albanese,1,0.008547008547008548
Angus King,Ben Wallace,1,0.008547008547008548
Angus King,Edi Rama,1,0.008547008547008548
Angus King,James Cleverly,1,0.008547008547008548
Angus King,Petr Fiala,1,0.008547008547008548
Angus King,Vladimir Putin,1,0.008547008547008548
Angus King,Yoon Suk Yeol,1,0.008547008547008548
Angus Taylor,Chris Bowen,1,0.008547008547008548
Angus Taylor,Danielle Wood,1,0.008547008547008548
Angus Taylor,Gary Ramage,4,0.03418803418803419
Angus Taylor,Innes Willox,1,0.008547008547008548
Angus Taylor,Karen Barlow,4,0.03418803418803419
Angus Taylor,Karl Stefanovic,4,0.03418803418803419
Angus Taylor,Martin Ollman Deputy,4,0.03418803418803419
Angus Taylor,Peter Dutton,1,0.008547008547008548
Angus Taylor,Richard Marles,4,0.03418803418803419
Angus Taylor,Sarah Basford Canales,4,0.03418803418803419
Angus Taylor,Steven Hamilton,1,0.008547008547008548
Anna Kwok,Anthony Albanese,1,0.008547008547008548
Anna Kwok,Brendan Clift,1,0.008547008547008548
Anna Kwok,Dennis Kwok,1,0.008547008547008548
Anna Kwok,Finn Lau,1,0.008547008547008548
Anna Kwok,Hong Konger,1,0.008547008547008548
Anna Kwok,John Lee,1,0.008547008547008548
Anthony Albanese,Adam Boyton,1,0.008547008547008548
Anthony Albanese,Alex Carey,1,0.008547008547008548
Anthony Albanese,Alex Hawke,2,0.017094017094017096
Anthony Albanese,Ali Alatas,1,0.008547008547008548
Anthony Albanese,Andrew Bragg,1,0.008547008547008548
Anthony Albanese,Andrew Forrest,3,0.02564102564102564
Anthony Albanese,Andrew Hastie,4,0.03418803418803419
Anthony Albanese,Andrew Hirst,2,0.017094017094017096
Anthony Albanese,Andrew Leigh,82,0.7008547008547008
Anthony Albanese,Andrew Whitecross,48,0.41025641025641024
Anthony Albanese,Angus Taylor,10,0.08547008547008547
Anthony Albanese,Asia Pacific,1,0.008547008547008548
Anthony Albanese,Barack Obama,1,0.008547008547008548
Anthony Albanese,Barnaby Joyce,7,0.05982905982905983
Anthony Albanese,Barney Glover,1,0.008547008547008548
Anthony Albanese,Ben Stokes,1,0.008547008547008548
Anthony Albanese,Ben Wallace,3,0.02564102564102564
Anthony Albanese,Bernie Fraser,1,0.008547008547008548
Anthony Albanese,Bob Hawke,1,0.008547008547008548
Anthony Albanese,Bob Johnston,1,0.008547008547008548
Anthony Albanese,Bob Katter,1,0.008547008547008548
Anthony Albanese,Brendan Clift,1,0.008547008547008548
Anthony Albanese,Cameron Bancroft,1,0.008547008547008548
Anthony Albanese,Catherine Holmes,49,0.4188034188034188
Anthony Albanese,Celia Mendoza,2,0.017094017094017096
Anthony Albanese,Chris Bowen,1,0.008547008547008548
Anthony Albanese,Chris Hipkins,4,0.03418803418803419
Anthony Albanese,Chris Minns,1,0.008547008547008548
Anthony Albanese,Chris Woakes,1,0.008547008547008548
Anthony Albanese,Christian Porter,48,0.41025641025641024
Anthony Albanese,Chuen Cheng,4,0.03418803418803419
Anthony Albanese,Dame Quentin Bryce,1,0.008547008547008548
Anthony Albanese,Damian Shaw,1,0.008547008547008548
Anthony Albanese,Danielle Wood,1,0.008547008547008548
Anthony Albanese,David Crosling,4,0.03418803418803419
Anthony Albanese,David Gruen,4,0.03418803418803419
Anthony Albanese,David Hurley,1,0.008547008547008548
Anthony Albanese,David Warner,1,0.008547008547008548
Anthony Albanese,Deborah Bateson,4,0.03418803418803419
Anthony Albanese,Ed Husic,1,0.008547008547008548
Anthony Albanese,Evelyn Goh,1,0.008547008547008548
Anthony Albanese,Fumio Kishida,4,0.03418803418803419
Anthony Albanese,Gail Kelly,1,0.008547008547008548
Anthony Albanese,Gareth Gardner,7,0.05982905982905983
Anthony Albanese,Gary Ramage,52,0.4444444444444444
Anthony Albanese,Glenn Stevens,2,0.017094017094017096
Anthony Albanese,Gough Whitlam,2,0.017094017094017096
Anthony Albanese,Han Xiao Zhang,1,0.008547008547008548
Anthony Albanese,Harry Knight,1,0.008547008547008548
Anthony Albanese,Hasjim Djalal,1,0.008547008547008548
Anthony Albanese,Hong Konger,1,0.008547008547008548
Anthony Albanese,Huw Edwards,1,0.008547008547008548
Anthony Albanese,Ian Macfarlane,1,0.008547008547008548
Anthony Albanese,Innes Willox,1,0.008547008547008548
Anthony Albanese,Isaac Gross,81,0.6923076923076923
Anthony Albanese,Jack Waterford,48,0.41025641025641024
Anthony Albanese,Jane Hume,4,0.03418803418803419
Anthony Albanese,Janet Yellen,1,0.008547008547008548
Anthony Albanese,Jason Falinski,2,0.017094017094017096
Anthony Albanese,Jennifer Westacott,1,0.008547008547008548
Anthony Albanese,Jenny Wilkinson,22,0.18803418803418803
Anthony Albanese,Jeremy Piper,1,0.008547008547008548
Anthony Albanese,Jeremy Rockliff,2,0.017094017094017096
Anthony Albanese,Jim Chalmers,26,0.2222222222222222
Anthony Albanese,Jock Phillips,1,0.008547008547008548
Anthony Albanese,Joe Biden,4,0.03418803418803419
Anthony Albanese,John Lee,1,0.008547008547008548
Anthony Albanese,John Molony,1,0.008547008547008548
Anthony Albanese,John Olsen,2,0.017094017094017096
Anthony Albanese,John Pesutto,2,0.017094017094017096
Anthony Albanese,Joko Widodo,1,0.008547008547008548
Anthony Albanese,Jonathan Kearns,2,0.017094017094017096
Anthony Albanese,Jonny Bairstow,6,0.05128205128205128
Anthony Albanese,Jorge Agobian,2,0.017094017094017096
Anthony Albanese,Josh Frydenberg,2,0.017094017094017096
Anthony Albanese,Julia Gillard,1,0.008547008547008548
Anthony Albanese,Julie Collins,1,0.008547008547008548
Anthony Albanese,Justice Susan Kiefel,1,0.008547008547008548
Anthony Albanese,Justin Trudeau,3,0.02564102564102564
Anthony Albanese,Karen Barlow,12,0.10256410256410256
Anthony Albanese,Karl Stefanovic,4,0.03418803418803419
Anthony Albanese,Keegan Carroll,85,0.7264957264957265
Anthony Albanese,Kevin Bonham,2,0.017094017094017096
Anthony Albanese,Kevin Spacey,1,0.008547008547008548
Anthony Albanese,Khong Yuen Foong,1,0.008547008547008548
Anthony Albanese,King Charles,1,0.008547008547008548
Anthony Albanese,Kira Rudik,4,0.03418803418803419
Anthony Albanese,Kristine Mccartney,1,0.008547008547008548
Anthony Albanese,Lee Asia,1,0.008547008547008548
Anthony Albanese,Luci Ellis,1,0.008547008547008548
Anthony Albanese,Lukas Coch,5,0.042735042735042736
Anthony Albanese,Mark Dreyfus,48,0.41025641025641024
Anthony Albanese,Mark Humphrey-Jenner,10,0.08547008547008547
Anthony Albanese,Mark Wood,2,0.017094017094017096
Anthony Albanese,Martin Ollman,8,0.06837606837606838
Anthony Albanese,Martin Ollman Deputy,4,0.03418803418803419
Anthony Albanese,Michael Leifer,1,0.008547008547008548
Anthony Albanese,Michele Bullock,11,0.09401709401709402
Anthony Albanese,Nick Mckim,5,0.042735042735042736
Anthony Albanese,Nicki Connolly,4,0.03418803418803419
Anthony Albanese,Nicola Forrest,1,0.008547008547008548
Anthony Albanese,Noordin Sopiee,1,0.008547008547008548
Anthony Albanese,Oxfam Pacific,1,0.008547008547008548
Anthony Albanese,Paul Evans,1,0.008547008547008548
Anthony Albanese,Paulius Peleckis Getty,1,0.008547008547008548
Anthony Albanese,Penny Wong,1,0.008547008547008548
Anthony Albanese,Peter Costello,1,0.008547008547008548
Anthony Albanese,Peter Dutton,60,0.5128205128205128
Anthony Albanese,Peter King,1,0.008547008547008548
Anthony Albanese,Phil Lowe,98,0.8376068376068376
Anthony Albanese,Philip Benwell,1,0.008547008547008548
Anthony Albanese,Philip Lowe,96,0.8205128205128205
Anthony Albanese,Praveen Menon,1,0.008547008547008548
Anthony Albanese,Queen Elizabeth,1,0.008547008547008548
Anthony Albanese,Ralph Cossa,1,0.008547008547008548
Anthony Albanese,Ralph Regenvanu,1,0.008547008547008548
Anthony Albanese,Reece Kershaw,48,0.41025641025641024
Anthony Albanese,Richard Marles,4,0.03418803418803419
Anthony Albanese,Rizal Sukma,1,0.008547008547008548
Anthony Albanese,Robert Macfarlane,1,0.008547008547008548
Anthony Albanese,Russell Webb,7,0.05982905982905983
Anthony Albanese,Sarah Basford Canales,12,0.10256410256410256
Anthony Albanese,Scott Morrison,5,0.042735042735042736
Anthony Albanese,Shah Rukh Khan,1,0.008547008547008548
Anthony Albanese,Stephen Kennedy,1,0.008547008547008548
Anthony Albanese,Steve Smith,1,0.008547008547008548
Anthony Albanese,Steven Hamilton,11,0.09401709401709402
Anthony Albanese,Steven Kennedy,21,0.1794871794871795
Anthony Albanese,Ted Hui,1,0.008547008547008548
Anthony Albanese,Thomas Mcilroy,1,0.008547008547008548
Anthony Albanese,Tim Loh,1,0.008547008547008548
Anthony Albanese,Tony Mahar,1,0.008547008547008548
Anthony Albanese,Virginia Bell,1,0.008547008547008548
Anthony Albanese,Vivian Balakrishnan,1,0.008547008547008548
Anthony Albanese,Volodomyr Zelenskiy,4,0.03418803418803419
Anthony Albanese,Volodymyr Zelenskyy,1,0.008547008547008548
Anthony Albanese,Wang Wenbin,3,0.02564102564102564
Anthony Albanese,Wang Yi,1,0.008547008547008548
Anthony Albanese,Yang Hengjun,1,0.008547008547008548
Anthony Albanese,Yoon Suk Yeol,3,0.02564102564102564
Asia Pacific,Ali Alatas,1,0.008547008547008548
Asia Pacific,Evelyn Goh,1,0.008547008547008548
Asia Pacific,Hasjim Djalal,1,0.008547008547008548
Asia Pacific,Khong Yuen Foong,1,0.008547008547008548
Asia Pacific,Michael Leifer,1,0.008547008547008548
Asia Pacific,Noordin Sopiee,1,0.008547008547008548
Asia Pacific,Paul Evans,1,0.008547008547008548
Asia Pacific,Ralph Cossa,1,0.008547008547008548
Asia Pacific,Rizal Sukma,1,0.008547008547008548
Barack Obama,Adam Boyton,1,0.008547008547008548
Barack Obama,Andrew Bragg,1,0.008547008547008548
Barack Obama,Bob Johnston,1,0.008547008547008548
Barack Obama,Dame Quentin Bryce,1,0.008547008547008548
Barack Obama,Gail Kelly,1,0.008547008547008548
Barack Obama,Glenn Stevens,1,0.008547008547008548
Barack Obama,Harry Knight,1,0.008547008547008548
Barack Obama,Ian Macfarlane,1,0.008547008547008548
Barack Obama,Jenny Wilkinson,1,0.008547008547008548
Barack Obama,Jock Phillips,1,0.008547008547008548
Barack Obama,Josh Frydenberg,1,0.008547008547008548
Barack Obama,Julia Gillard,1,0.008547008547008548
Barack Obama,Justice Susan Kiefel,1,0.008547008547008548
Barack Obama,Luci Ellis,1,0.008547008547008548
Barack Obama,Nick Mckim,1,0.008547008547008548
Barack Obama,Peter Costello,1,0.008547008547008548
Barack Obama,Peter Dutton,1,0.008547008547008548
Barack Obama,Steven Kennedy,1,0.008547008547008548
Barney Glover,John Molony,1,0.008547008547008548
Ben Stokes,Shah Rukh Khan,1,0.008547008547008548
Ben Wallace,Anthony Albanese,1,0.008547008547008548
Ben Wallace,Huw Edwards,1,0.008547008547008548
Ben Wallace,Paulius Peleckis Getty,1,0.008547008547008548
Ben Wallace,Yoon Suk Yeol,1,0.008547008547008548
Bernie Fraser,Adam Boyton,1,0.008547008547008548
Bernie Fraser,Andrew Bragg,1,0.008547008547008548
Bernie Fraser,Andrew Forrest,2,0.017094017094017096
Bernie Fraser,Anthony Albanese,1,0.008547008547008548
Bernie Fraser,Barack Obama,1,0.008547008547008548
Bernie Fraser,Bob Johnston,1,0.008547008547008548
Bernie Fraser,Dame Quentin Bryce,1,0.008547008547008548
Bernie Fraser,Gail Kelly,1,0.008547008547008548
Bernie Fraser,Glenn Stevens,1,0.008547008547008548
Bernie Fraser,Harry Knight,1,0.008547008547008548
Bernie Fraser,Ian Macfarlane,1,0.008547008547008548
Bernie Fraser,Janet Yellen,1,0.008547008547008548
Bernie Fraser,Jenny Wilkinson,1,0.008547008547008548
Bernie Fraser,Jock Phillips,1,0.008547008547008548
Bernie Fraser,Josh Frydenberg,1,0.008547008547008548
Bernie Fraser,Julia Gillard,1,0.008547008547008548
Bernie Fraser,Justice Susan Kiefel,1,0.008547008547008548
Bernie Fraser,Luci Ellis,1,0.008547008547008548
Bernie Fraser,Nick Mckim,1,0.008547008547008548
Bernie Fraser,Peter Costello,1,0.008547008547008548
Bernie Fraser,Peter Dutton,1,0.008547008547008548
Bernie Fraser,Peter King,1,0.008547008547008548
Bernie Fraser,Steven Kennedy,1,0.008547008547008548
Bob Hawke,Andrew Whitecross,48,0.41025641025641024
Bob Hawke,Anthony Albanese,47,0.4017094017094017
Bob Hawke,Catherine Holmes,48,0.41025641025641024
Bob Hawke,Christian Porter,48,0.41025641025641024
Bob Hawke,David Hurley,1,0.008547008547008548
Bob Hawke,Gary Ramage,48,0.41025641025641024
Bob Hawke,Jack Waterford,48,0.41025641025641024
Bob Hawke,Mark Dreyfus,48,0.41025641025641024
Bob Hawke,Peter Dutton,48,0.41025641025641024
Bob Hawke,Reece Kershaw,48,0.41025641025641024
Bob Johnston,Adam Boyton,1,0.008547008547008548
Bob Johnston,Dame Quentin Bryce,1,0.008547008547008548
Bob Johnston,Gail Kelly,1,0.008547008547008548
Bob Johnston,Harry Knight,1,0.008547008547008548
Bob Johnston,Jock Phillips,1,0.008547008547008548
Bob Johnston,Julia Gillard,1,0.008547008547008548
Bob Johnston,Justice Susan Kiefel,1,0.008547008547008548
Bob Johnston,Luci Ellis,1,0.008547008547008548
Cameron Bancroft,Ben Stokes,1,0.008547008547008548
Cameron Bancroft,Shah Rukh Khan,1,0.008547008547008548
Cameron Caldwell,Alex Hawke,2,0.017094017094017096
Cameron Caldwell,Andrew Hirst,2,0.017094017094017096
Cameron Caldwell,Anthony Albanese,2,0.017094017094017096
Cameron Caldwell,Jason Falinski,2,0.017094017094017096
Cameron Caldwell,Jeremy Rockliff,2,0.017094017094017096
Cameron Caldwell,John Olsen,2,0.017094017094017096
Cameron Caldwell,John Pesutto,2,0.017094017094017096
Cameron Caldwell,Kevin Bonham,2,0.017094017094017096
Cameron Caldwell,Mary Doyle,2,0.017094017094017096
Cameron Caldwell,Scott Morrison,2,0.017094017094017096
Cassandra Goldie,Angus Taylor,1,0.008547008547008548
Cassandra Goldie,Anthony Albanese,1,0.008547008547008548
Cassandra Goldie,Danielle Wood,1,0.008547008547008548
Cassandra Goldie,Innes Willox,1,0.008547008547008548
Cassandra Goldie,Jenny Wilkinson,1,0.008547008547008548
Cassandra Goldie,Peter Dutton,1,0.008547008547008548
Cassandra Goldie,Steven Hamilton,1,0.008547008547008548
Cassandra Goldie,Steven Kennedy,1,0.008547008547008548
Catherine Holmes,Bob Katter,1,0.008547008547008548
Catherine Holmes,David Hurley,1,0.008547008547008548
Catherine Holmes,Jack Waterford,48,0.41025641025641024
Catherine Holmes,Mark Dreyfus,48,0.41025641025641024
Catherine Holmes,Peter Dutton,1,0.008547008547008548
Catherine Holmes,Reece Kershaw,48,0.41025641025641024
Catherine Holmes,Virginia Bell,1,0.008547008547008548
Celia Mendoza,Jorge Agobian,2,0.017094017094017096
Chaminda Vaas,Anthony Albanese,1,0.008547008547008548
Chaminda Vaas,Jens Stoltenberg,1,0.008547008547008548
Chau Van Kham,Anthony Albanese,1,0.008547008547008548
Cheng Lei,Anthony Albanese,12,0.10256410256410256
Cheng Lei,Hong Kong Wong,9,0.07692307692307693
Cheng Lei,Yang Hengjun,3,0.02564102564102564
Chris Hipkins,Celia Mendoza,2,0.017094017094017096
Chris Hipkins,Jorge Agobian,2,0.017094017094017096
Chris Hipkins,Wang Wenbin,3,0.02564102564102564
Chris Hipkins,Yoon Suk Yeol,3,0.02564102564102564
Chris Woakes,Anthony Albanese,1,0.008547008547008548
Chris Woakes,Ben Stokes,1,0.008547008547008548
Chris Woakes,Ben Wallace,1,0.008547008547008548
Chris Woakes,Cameron Bancroft,1,0.008547008547008548
Chris Woakes,David Warner,1,0.008547008547008548
Chris Woakes,Huw Edwards,1,0.008547008547008548
Chris Woakes,Joe Biden,1,0.008547008547008548
Chris Woakes,Jonny Bairstow,1,0.008547008547008548
Chris Woakes,Mark Wood,2,0.017094017094017096
Chris Woakes,Paulius Peleckis Getty,1,0.008547008547008548
Chris Woakes,Shah Rukh Khan,1,0.008547008547008548
Chris Woakes,Steve Smith,1,0.008547008547008548
Christian Porter,Andrew Whitecross,48,0.41025641025641024
Christian Porter,Catherine Holmes,48,0.41025641025641024
Christian Porter,David Hurley,1,0.008547008547008548
Christian Porter,Jack Waterford,48,0.41025641025641024
Christian Porter,Mark Dreyfus,48,0.41025641025641024
Christian Porter,Peter Dutton,48,0.41025641025641024
Christian Porter,Reece Kershaw,48,0.41025641025641024
Dame Quentin Bryce,Gail Kelly,1,0.008547008547008548
Dame Quentin Bryce,Justice Susan Kiefel,1,0.008547008547008548
Damian Shaw,Andrew Forrest,1,0.008547008547008548
Damian Shaw,Nicola Forrest,1,0.008547008547008548
David Crosling,Angus Taylor,4,0.03418803418803419
David Crosling,Jenny Wilkinson,4,0.03418803418803419
David Crosling,Karl Stefanovic,4,0.03418803418803419
David Crosling,Martin Ollman Deputy,4,0.03418803418803419
David Crosling,Nick Mckim,4,0.03418803418803419
David Crosling,Nicki Connolly,4,0.03418803418803419
David Crosling,Peter Dutton,4,0.03418803418803419
David Crosling,Phil Lowe,4,0.03418803418803419
David Crosling,Richard Marles,4,0.03418803418803419
David Crosling,Steven Kennedy,4,0.03418803418803419
David Gruen,Angus Taylor,4,0.03418803418803419
David Gruen,Gary Ramage,4,0.03418803418803419
David Gruen,Jane Hume,4,0.03418803418803419
David Gruen,Karen Barlow,4,0.03418803418803419
David Gruen,Keegan Carroll,4,0.03418803418803419
David Gruen,Phil Lowe,4,0.03418803418803419
David Gruen,Sarah Basford Canales,4,0.03418803418803419
David Hurley,Jack Waterford,1,0.008547008547008548
David Hurley,Mark Dreyfus,1,0.008547008547008548
David Hurley,Reece Kershaw,1,0.008547008547008548
David Warner,Ben Stokes,1,0.008547008547008548
David Warner,Cameron Bancroft,1,0.008547008547008548
David Warner,Shah Rukh Khan,1,0.008547008547008548
Deborah Bateson,Chuen Cheng,4,0.03418803418803419
Dennis Kwok,Anthony Albanese,1,0.008547008547008548
Dennis Kwok,Brendan Clift,1,0.008547008547008548
Dennis Kwok,Hong Konger,1,0.008547008547008548
Dennis Kwok,John Lee,1,0.008547008547008548
Don Farrell,Anthony Albanese,2,0.017094017094017096
Don Farrell,Gough Whitlam,1,0.008547008547008548
Don Farrell,Jim Chalmers,1,0.008547008547008548
Don Farrell,Ted Hui,1,0.008547008547008548
Don Farrell,Tony Mahar,1,0.008547008547008548
Don Farrell,Yang Hengjun,1,0.008547008547008548
Edi Rama,Anthony Albanese,1,0.008547008547008548
Edi Rama,Ben Wallace,1,0.008547008547008548
Edi Rama,James Cleverly,1,0.008547008547008548
Edi Rama,Yoon Suk Yeol,1,0.008547008547008548
Evelyn Goh,Rizal Sukma,1,0.008547008547008548
Finn Lau,Anthony Albanese,1,0.008547008547008548
Finn Lau,Brendan Clift,1,0.008547008547008548
Finn Lau,Dennis Kwok,1,0.008547008547008548
Finn Lau,Hong Konger,1,0.008547008547008548
Finn Lau,John Lee,1,0.008547008547008548
Fumio Kishida,Celia Mendoza,2,0.017094017094017096
Fumio Kishida,Chris Hipkins,4,0.03418803418803419
Fumio Kishida,Jorge Agobian,2,0.017094017094017096
Fumio Kishida,Wang Wenbin,3,0.02564102564102564
Fumio Kishida,Yoon Suk Yeol,3,0.02564102564102564
Gareth Gardner,Barnaby Joyce,7,0.05982905982905983
Gary Ramage,Andrew Whitecross,48,0.41025641025641024
Gary Ramage,Catherine Holmes,48,0.41025641025641024
Gary Ramage,Christian Porter,48,0.41025641025641024
Gary Ramage,David Hurley,1,0.008547008547008548
Gary Ramage,Jack Waterford,48,0.41025641025641024
Gary Ramage,Karen Barlow,4,0.03418803418803419
Gary Ramage,Mark Dreyfus,48,0.41025641025641024
Gary Ramage,Peter Dutton,48,0.41025641025641024
Gary Ramage,Reece Kershaw,48,0.41025641025641024
Gary Ramage,Sarah Basford Canales,4,0.03418803418803419
Gitanas Naus,Anthony Albanese,1,0.008547008547008548
Glenn Stevens,Adam Boyton,1,0.008547008547008548
Glenn Stevens,Bob Johnston,1,0.008547008547008548
Glenn Stevens,Dame Quentin Bryce,1,0.008547008547008548
Glenn Stevens,Gail Kelly,1,0.008547008547008548
Glenn Stevens,Harry Knight,1,0.008547008547008548
Glenn Stevens,Jock Phillips,1,0.008547008547008548
Glenn Stevens,Julia Gillard,1,0.008547008547008548
Glenn Stevens,Justice Susan Kiefel,1,0.008547008547008548
Glenn Stevens,Luci Ellis,1,0.008547008547008548
Glenn Stevens,Robert Macfarlane,1,0.008547008547008548
Gough Whitlam,Andrew Whitecross,48,0.41025641025641024
Gough Whitlam,Anthony Albanese,47,0.4017094017094017
Gough Whitlam,Bob Hawke,48,0.41025641025641024
Gough Whitlam,Catherine Holmes,48,0.41025641025641024
Gough Whitlam,Christian Porter,48,0.41025641025641024
Gough Whitlam,David Hurley,1,0.008547008547008548
Gough Whitlam,Gary Ramage,48,0.41025641025641024
Gough Whitlam,Jack Waterford,48,0.41025641025641024
Gough Whitlam,Mark Dreyfus,48,0.41025641025641024
Gough Whitlam,Peter Dutton,48,0.41025641025641024
Gough Whitlam,Reece Kershaw,48,0.41025641025641024
Gough Whitlam,Ted Hui,1,0.008547008547008548
Gough Whitlam,Yang Hengjun,1,0.008547008547008548
Greg Dyett,Anthony Albanese,1,0.008547008547008548
Greg Dyett,Kevin Spacey,1,0.008547008547008548
Greg Dyett,Kristine Mccartney,1,0.008547008547008548
Greg Dyett,Michele Bullock,1,0.008547008547008548
Greg Dyett,Penny Wong,1,0.008547008547008548
Greg Dyett,Philip Lowe,1,0.008547008547008548
Greg Dyett,Wang Yi,1,0.008547008547008548
Han Xiao Zhang,Barney Glover,1,0.008547008547008548
Han Xiao Zhang,Jennifer Westacott,1,0.008547008547008548
Han Xiao Zhang,John Molony,1,0.008547008547008548
Harry Knight,Adam Boyton,1,0.008547008547008548
Harry Knight,Dame Quentin Bryce,1,0.008547008547008548
Harry Knight,Gail Kelly,1,0.008547008547008548
Harry Knight,Jock Phillips,1,0.008547008547008548
Harry Knight,Julia Gillard,1,0.008547008547008548
Harry Knight,Justice Susan Kiefel,1,0.008547008547008548
Harry Knight,Luci Ellis,1,0.008547008547008548
Hasjim Djalal,Evelyn Goh,1,0.008547008547008548
Hasjim Djalal,Khong Yuen Foong,1,0.008547008547008548
Hasjim Djalal,Noordin Sopiee,1,0.008547008547008548
Hasjim Djalal,Paul Evans,1,0.008547008547008548
Hasjim Djalal,Ralph Cossa,1,0.008547008547008548
Hasjim Djalal,Rizal Sukma,1,0.008547008547008548
Hong Kong Wong,Anthony Albanese,9,0.07692307692307693
Hong Konger,Brendan Clift,1,0.008547008547008548
Hong Kongers,Anna Kwok,1,0.008547008547008548
Hong Kongers,Anthony Albanese,1,0.008547008547008548
Hong Kongers,Brendan Clift,1,0.008547008547008548
Hong Kongers,Dennis Kwok,1,0.008547008547008548
Hong Kongers,Finn Lau,1,0.008547008547008548
Hong Kongers,Hong Konger,1,0.008547008547008548
Hong Kongers,John Lee,1,0.008547008547008548
Hong Kongers,Ted Hui,1,0.008547008547008548
Ian Macfarlane,Adam Boyton,1,0.008547008547008548
Ian Macfarlane,Bob Johnston,1,0.008547008547008548
Ian Macfarlane,Dame Quentin Bryce,1,0.008547008547008548
Ian Macfarlane,Gail Kelly,1,0.008547008547008548
Ian Macfarlane,Glenn Stevens,1,0.008547008547008548
Ian Macfarlane,Harry Knight,1,0.008547008547008548
Ian Macfarlane,Jock Phillips,1,0.008547008547008548
Ian Macfarlane,Julia Gillard,1,0.008547008547008548
Ian Macfarlane,Justice Susan Kiefel,1,0.008547008547008548
Ian Macfarlane,Luci Ellis,1,0.008547008547008548
Innes Willox,Danielle Wood,1,0.008547008547008548
Innes Willox,Steven Hamilton,1,0.008547008547008548
Jack Waterford,Mark Dreyfus,48,0.41025641025641024
James Cleverly,Anthony Albanese,1,0.008547008547008548
James Cleverly,Ben Wallace,1,0.008547008547008548
James Cleverly,Yoon Suk Yeol,1,0.008547008547008548
James Glynn,Anthony Albanese,1,0.008547008547008548
James Glynn,Michele Bullock,1,0.008547008547008548
James Glynn,Philip Lowe,1,0.008547008547008548
James Peterson,Anthony Albanese,1,0.008547008547008548
Jane Hume,Angus Taylor,4,0.03418803418803419
Jane Hume,Gary Ramage,4,0.03418803418803419
Jane Hume,Karen Barlow,4,0.03418803418803419
Jane Hume,Keegan Carroll,4,0.03418803418803419
Jane Hume,Sarah Basford Canales,4,0.03418803418803419
Janet Yellen,Adam Boyton,1,0.008547008547008548
Janet Yellen,Andrew Bragg,1,0.008547008547008548
Janet Yellen,Barack Obama,1,0.008547008547008548
Janet Yellen,Bob Johnston,1,0.008547008547008548
Janet Yellen,Dame Quentin Bryce,1,0.008547008547008548
Janet Yellen,Gail Kelly,1,0.008547008547008548
Janet Yellen,Glenn Stevens,1,0.008547008547008548
Janet Yellen,Harry Knight,1,0.008547008547008548
Janet Yellen,Ian Macfarlane,1,0.008547008547008548
Janet Yellen,Jenny Wilkinson,1,0.008547008547008548
Janet Yellen,Jock Phillips,1,0.008547008547008548
Janet Yellen,Josh Frydenberg,1,0.008547008547008548
Janet Yellen,Julia Gillard,1,0.008547008547008548
Janet Yellen,Justice Susan Kiefel,1,0.008547008547008548
Janet Yellen,Luci Ellis,1,0.008547008547008548
Janet Yellen,Nick Mckim,1,0.008547008547008548
Janet Yellen,Peter Costello,1,0.008547008547008548
Janet Yellen,Peter Dutton,1,0.008547008547008548
Janet Yellen,Steven Kennedy,1,0.008547008547008548
Jason Falinski,Jeremy Rockliff,2,0.017094017094017096
Jason Falinski,John Pesutto,2,0.017094017094017096
Jennifer Westacott,Barney Glover,1,0.008547008547008548
Jennifer Westacott,John Molony,1,0.008547008547008548
Jenny Wilkinson,Adam Boyton,1,0.008547008547008548
Jenny Wilkinson,Andrew Bragg,1,0.008547008547008548
Jenny Wilkinson,Angus Taylor,10,0.08547008547008547
Jenny Wilkinson,Anthony Albanese,2,0.017094017094017096
Jenny Wilkinson,Bob Johnston,1,0.008547008547008548
Jenny Wilkinson,Chris Bowen,1,0.008547008547008548
Jenny Wilkinson,Dame Quentin Bryce,1,0.008547008547008548
Jenny Wilkinson,Danielle Wood,1,0.008547008547008548
Jenny Wilkinson,David Gruen,4,0.03418803418803419
Jenny Wilkinson,Gail Kelly,1,0.008547008547008548
Jenny Wilkinson,Gary Ramage,4,0.03418803418803419
Jenny Wilkinson,Glenn Stevens,1,0.008547008547008548
Jenny Wilkinson,Harry Knight,1,0.008547008547008548
Jenny Wilkinson,Ian Macfarlane,1,0.008547008547008548
Jenny Wilkinson,Innes Willox,1,0.008547008547008548
Jenny Wilkinson,Jane Hume,4,0.03418803418803419
Jenny Wilkinson,Jim Chalmers,11,0.09401709401709402
Jenny Wilkinson,Jock Phillips,1,0.008547008547008548
Jenny Wilkinson,Julia Gillard,1,0.008547008547008548
Jenny Wilkinson,Justice Susan Kiefel,1,0.008547008547008548
Jenny Wilkinson,Karen Barlow,4,0.03418803418803419
Jenny Wilkinson,Karl Stefanovic,4,0.03418803418803419
Jenny Wilkinson,Keegan Carroll,4,0.03418803418803419
Jenny Wilkinson,Luci Ellis,1,0.008547008547008548
Jenny Wilkinson,Mark Humphrey-Jenner,10,0.08547008547008547
Jenny Wilkinson,Martin Ollman Deputy,4,0.03418803418803419
Jenny Wilkinson,Michele Bullock,1,0.008547008547008548
Jenny Wilkinson,Nick Mckim,1,0.008547008547008548
Jenny Wilkinson,Nicki Connolly,4,0.03418803418803419
Jenny Wilkinson,Peter Costello,1,0.008547008547008548
Jenny Wilkinson,Peter Dutton,6,0.05128205128205128
Jenny Wilkinson,Phil Lowe,8,0.06837606837606838
Jenny Wilkinson,Richard Marles,4,0.03418803418803419
Jenny Wilkinson,Sarah Basford Canales,4,0.03418803418803419
Jenny Wilkinson,Steven Hamilton,11,0.09401709401709402
Jenny Wilkinson,Steven Kennedy,5,0.042735042735042736
Jens Stoltenberg,Anthony Albanese,4,0.03418803418803419
Jens Stoltenberg,Celia Mendoza,2,0.017094017094017096
Jens Stoltenberg,Chris Hipkins,3,0.02564102564102564
Jens Stoltenberg,Fumio Kishida,3,0.02564102564102564
Jens Stoltenberg,Joe Biden,3,0.02564102564102564
Jens Stoltenberg,Jorge Agobian,2,0.017094017094017096
Jens Stoltenberg,Mark Kennedy,3,0.02564102564102564
Jens Stoltenberg,Wang Wenbin,3,0.02564102564102564
Jens Stoltenberg,Yoon Suk Yeol,3,0.02564102564102564
Jeremy Piper,Bob Katter,1,0.008547008547008548
Jeremy Piper,Catherine Holmes,1,0.008547008547008548
Jeremy Piper,Martin Ollman,1,0.008547008547008548
Jeremy Piper,Peter Dutton,1,0.008547008547008548
Jeremy Piper,Virginia Bell,1,0.008547008547008548
Jim Chalmer,Angus Taylor,4,0.03418803418803419
Jim Chalmer,Anthony Albanese,12,0.10256410256410256
Jim Chalmer,David Gruen,4,0.03418803418803419
Jim Chalmer,Gary Ramage,4,0.03418803418803419
Jim Chalmer,Jane Hume,4,0.03418803418803419
Jim Chalmer,Jenny Wilkinson,4,0.03418803418803419
Jim Chalmer,Karen Barlow,12,0.10256410256410256
Jim Chalmer,Keegan Carroll,12,0.10256410256410256
Jim Chalmer,Lukas Coch,4,0.03418803418803419
Jim Chalmer,Peter Dutton,4,0.03418803418803419
Jim Chalmer,Phil Lowe,12,0.10256410256410256
Jim Chalmer,Philip Lowe,12,0.10256410256410256
Jim Chalmer,Sarah Basford Canales,12,0.10256410256410256
Jim Chalmer,Steven Kennedy,4,0.03418803418803419
Jim Chalmers,Adam Boyton,1,0.008547008547008548
Jim Chalmers,Andrew Bragg,1,0.008547008547008548
Jim Chalmers,Andrew Forrest,3,0.02564102564102564
Jim Chalmers,Andrew Leigh,82,0.7008547008547008
Jim Chalmers,Angus Taylor,5,0.042735042735042736
Jim Chalmers,Anthony Albanese,87,0.7435897435897436
Jim Chalmers,Barack Obama,1,0.008547008547008548
Jim Chalmers,Bernie Fraser,2,0.017094017094017096
Jim Chalmers,Bob Johnston,1,0.008547008547008548
Jim Chalmers,Chris Bowen,1,0.008547008547008548
Jim Chalmers,Chris Minns,1,0.008547008547008548
Jim Chalmers,Dame Quentin Bryce,1,0.008547008547008548
Jim Chalmers,Damian Shaw,1,0.008547008547008548
Jim Chalmers,David Crosling,4,0.03418803418803419
Jim Chalmers,Gail Kelly,1,0.008547008547008548
Jim Chalmers,Glenn Stevens,2,0.017094017094017096
Jim Chalmers,Harry Knight,1,0.008547008547008548
Jim Chalmers,Ian Macfarlane,1,0.008547008547008548
Jim Chalmers,Isaac Gross,81,0.6923076923076923
Jim Chalmers,Janet Yellen,1,0.008547008547008548
Jim Chalmers,Jenny Wilkinson,8,0.06837606837606838
Jim Chalmers,Jock Phillips,1,0.008547008547008548
Jim Chalmers,Jonathan Kearns,2,0.017094017094017096
Jim Chalmers,Josh Frydenberg,1,0.008547008547008548
Jim Chalmers,Julia Gillard,1,0.008547008547008548
Jim Chalmers,Justice Susan Kiefel,1,0.008547008547008548
Jim Chalmers,Karl Stefanovic,4,0.03418803418803419
Jim Chalmers,Keegan Carroll,81,0.6923076923076923
Jim Chalmers,Luci Ellis,1,0.008547008547008548
Jim Chalmers,Lukas Coch,1,0.008547008547008548
Jim Chalmers,Mark Humphrey-Jenner,10,0.08547008547008547
Jim Chalmers,Martin Ollman,6,0.05128205128205128
Jim Chalmers,Martin Ollman Deputy,4,0.03418803418803419
Jim Chalmers,Michele Bullock,8,0.06837606837606838
Jim Chalmers,Michelle Bullock,1,0.008547008547008548
Jim Chalmers,Nick Mckim,5,0.042735042735042736
Jim Chalmers,Nicki Connolly,4,0.03418803418803419
Jim Chalmers,Nicola Forrest,1,0.008547008547008548
Jim Chalmers,Peter Costello,1,0.008547008547008548
Jim Chalmers,Peter Dutton,5,0.042735042735042736
Jim Chalmers,Peter King,1,0.008547008547008548
Jim Chalmers,Phil Lowe,86,0.7350427350427351
Jim Chalmers,Philip Lowe,87,0.7435897435897436
Jim Chalmers,Praveen Menon,1,0.008547008547008548
Jim Chalmers,Richard Marles,4,0.03418803418803419
Jim Chalmers,Robert Macfarlane,1,0.008547008547008548
Jim Chalmers,Stephen Kennedy,1,0.008547008547008548
Jim Chalmers,Steven Hamilton,10,0.08547008547008547
Jim Chalmers,Steven Kennedy,7,0.05982905982905983
Jim Chalmers,Tony Mahar,1,0.008547008547008548
Jock Phillips,Adam Boyton,1,0.008547008547008548
Jock Phillips,Dame Quentin Bryce,1,0.008547008547008548
Jock Phillips,Gail Kelly,1,0.008547008547008548
Jock Phillips,Julia Gillard,1,0.008547008547008548
Jock Phillips,Justice Susan Kiefel,1,0.008547008547008548
Jock Phillips,Luci Ellis,1,0.008547008547008548
Joe Biden,Anthony Albanese,4,0.03418803418803419
Joe Biden,Ben Wallace,1,0.008547008547008548
Joe Biden,Celia Mendoza,2,0.017094017094017096
Joe Biden,Chris Hipkins,3,0.02564102564102564
Joe Biden,Fumio Kishida,3,0.02564102564102564
Joe Biden,Huw Edwards,1,0.008547008547008548
Joe Biden,Jorge Agobian,2,0.017094017094017096
Joe Biden,Justin Trudeau,3,0.02564102564102564
Joe Biden,Mark Kennedy,3,0.02564102564102564
Joe Biden,Paulius Peleckis Getty,1,0.008547008547008548
Joe Biden,Wang Wenbin,3,0.02564102564102564
Joe Biden,Yoon Suk Yeol,3,0.02564102564102564
John Lee,Brendan Clift,1,0.008547008547008548
John Lee,Hong Konger,1,0.008547008547008548
John Mearsheimer,Anthony Albanese,1,0.008547008547008548
John Mearsheimer,Chris Hipkins,1,0.008547008547008548
John Mearsheimer,Fumio Kishida,1,0.008547008547008548
John Mearsheimer,Tayyip Erdogan,1,0.008547008547008548
John Mearsheimer,Volodymyr Zelensky,1,0.008547008547008548
John Olsen,Andrew Hirst,2,0.017094017094017096
John Olsen,Jason Falinski,2,0.017094017094017096
John Olsen,Jeremy Rockliff,2,0.017094017094017096
John Olsen,John Pesutto,2,0.017094017094017096
John Pesutto,Jeremy Rockliff,2,0.017094017094017096
Joko Widodo,Barney Glover,1,0.008547008547008548
Joko Widodo,Han Xiao Zhang,1,0.008547008547008548
Joko Widodo,Jennifer Westacott,1,0.008547008547008548
Joko Widodo,John Molony,1,0.008547008547008548
Jonathan Kearns,Lukas Coch,1,0.008547008547008548
Jonathan Kearns,Praveen Menon,1,0.008547008547008548
Jonny Bairstow,Alex Carey,1,0.008547008547008548
Jonny Bairstow,Barnaby Joyce,4,0.03418803418803419
Jonny Bairstow,Ben Stokes,1,0.008547008547008548
Jonny Bairstow,Ben Wallace,1,0.008547008547008548
Jonny Bairstow,Cameron Bancroft,1,0.008547008547008548
Jonny Bairstow,Chris Woakes,1,0.008547008547008548
Jonny Bairstow,David Warner,1,0.008547008547008548
Jonny Bairstow,Gareth Gardner,4,0.03418803418803419
Jonny Bairstow,Huw Edwards,1,0.008547008547008548
Jonny Bairstow,Joe Biden,1,0.008547008547008548
Jonny Bairstow,Mark Wood,1,0.008547008547008548
Jonny Bairstow,Paulius Peleckis Getty,1,0.008547008547008548
Jonny Bairstow,Russell Webb,4,0.03418803418803419
Jonny Bairstow,Shah Rukh Khan,1,0.008547008547008548
Jonny Bairstow,Steve Smith,1,0.008547008547008548
Josh Frydenberg,Adam Boyton,1,0.008547008547008548
Josh Frydenberg,Andrew Bragg,1,0.008547008547008548
Josh Frydenberg,Andrew Leigh,81,0.6923076923076923
Josh Frydenberg,Anthony Albanese,81,0.6923076923076923
Josh Frydenberg,Bob Johnston,1,0.008547008547008548
Josh Frydenberg,Dame Quentin Bryce,1,0.008547008547008548
Josh Frydenberg,Gail Kelly,1,0.008547008547008548
Josh Frydenberg,Glenn Stevens,1,0.008547008547008548
Josh Frydenberg,Harry Knight,1,0.008547008547008548
Josh Frydenberg,Ian Macfarlane,1,0.008547008547008548
Josh Frydenberg,Isaac Gross,81,0.6923076923076923
Josh Frydenberg,Jenny Wilkinson,1,0.008547008547008548
Josh Frydenberg,Jim Chalmers,81,0.6923076923076923
Josh Frydenberg,Jock Phillips,1,0.008547008547008548
Josh Frydenberg,Julia Gillard,1,0.008547008547008548
Josh Frydenberg,Justice Susan Kiefel,1,0.008547008547008548
Josh Frydenberg,Keegan Carroll,81,0.6923076923076923
Josh Frydenberg,Luci Ellis,1,0.008547008547008548
Josh Frydenberg,Martin Ollman,1,0.008547008547008548
Josh Frydenberg,Nick Mckim,1,0.008547008547008548
Josh Frydenberg,Peter Costello,1,0.008547008547008548
Josh Frydenberg,Peter Dutton,1,0.008547008547008548
Josh Frydenberg,Phil Lowe,81,0.6923076923076923
Josh Frydenberg,Philip Lowe,81,0.6923076923076923
Josh Frydenberg,Steven Kennedy,1,0.008547008547008548
Josh Frydenberg,Tim Loh,1,0.008547008547008548
Josh Frydneberg,Andrew Leigh,1,0.008547008547008548
Josh Frydneberg,Anthony Albanese,1,0.008547008547008548
Josh Frydneberg,Jim Chalmers,1,0.008547008547008548
Josh Frydneberg,Michele Bullock,1,0.008547008547008548
Josh Frydneberg,Phil Lowe,1,0.008547008547008548
Josh Frydneberg,Philip Lowe,1,0.008547008547008548
Julia Gillard,Dame Quentin Bryce,1,0.008547008547008548
Julia Gillard,Gail Kelly,1,0.008547008547008548
Julia Gillard,Justice Susan Kiefel,1,0.008547008547008548
Julianne Smith,America Atlantic,3,0.02564102564102564
Julianne Smith,America Pacific,3,0.02564102564102564
Julianne Smith,Anthony Albanese,3,0.02564102564102564
Julianne Smith,Celia Mendoza,2,0.017094017094017096
Julianne Smith,Chris Hipkins,3,0.02564102564102564
Julianne Smith,Fumio Kishida,3,0.02564102564102564
Julianne Smith,Jens Stoltenberg,3,0.02564102564102564
Julianne Smith,Joe Biden,3,0.02564102564102564
Julianne Smith,Jorge Agobian,2,0.017094017094017096
Julianne Smith,Mark Kennedy,3,0.02564102564102564
Julianne Smith,Wang Wenbin,3,0.02564102564102564
Julianne Smith,Yoon Suk Yeol,3,0.02564102564102564
Justice Susan Kiefel,Gail Kelly,1,0.008547008547008548
Karl Stefanovic,Martin Ollman Deputy,4,0.03418803418803419
Keegan Carroll,Andrew Leigh,81,0.6923076923076923
Keegan Carroll,Angus Taylor,4,0.03418803418803419
Keegan Carroll,Anthony Albanese,8,0.06837606837606838
Keegan Carroll,Gary Ramage,4,0.03418803418803419
Keegan Carroll,Isaac Gross,81,0.6923076923076923
Keegan Carroll,Karen Barlow,12,0.10256410256410256
Keegan Carroll,Phil Lowe,89,0.7606837606837606
Keegan Carroll,Sarah Basford Canales,12,0.10256410256410256
Kevin Bonham,Alex Hawke,2,0.017094017094017096
Kevin Bonham,Andrew Hirst,2,0.017094017094017096
Kevin Bonham,Jason Falinski,2,0.017094017094017096
Kevin Bonham,Jeremy Rockliff,2,0.017094017094017096
Kevin Bonham,John Olsen,2,0.017094017094017096
Kevin Bonham,John Pesutto,2,0.017094017094017096
Kevin Bonham,Scott Morrison,2,0.017094017094017096
Kevin Rennie,Anna Kwok,1,0.008547008547008548
Kevin Rennie,Anthony Albanese,1,0.008547008547008548
Kevin Rennie,Brendan Clift,1,0.008547008547008548
Kevin Rennie,Dennis Kwok,1,0.008547008547008548
Kevin Rennie,Finn Lau,1,0.008547008547008548
Kevin Rennie,Hong Konger,1,0.008547008547008548
Kevin Rennie,Hong Kongers,1,0.008547008547008548
Kevin Rennie,John Lee,1,0.008547008547008548
Kevin Rennie,Ted Hui,1,0.008547008547008548
Kevin Spacey,Kristine Mccartney,1,0.008547008547008548
Khong Yuen Foong,Evelyn Goh,1,0.008547008547008548
Khong Yuen Foong,Rizal Sukma,1,0.008547008547008548
King Charles,Chris Minns,1,0.008547008547008548
King Charles,Jim Chalmers,1,0.008547008547008548
King Charles,Queen Elizabeth,1,0.008547008547008548
Kira Rudik,Andrew Hastie,4,0.03418803418803419
Kira Rudik,Joe Biden,3,0.02564102564102564
Kira Rudik,Justin Trudeau,3,0.02564102564102564
Lewis Jackson,Anthony Albanese,1,0.008547008547008548
Lewis Jackson,Jim Chalmers,1,0.008547008547008548
Lewis Jackson,Jonathan Kearns,1,0.008547008547008548
Lewis Jackson,Philip Lowe,1,0.008547008547008548
Lewis Jackson,Praveen Menon,1,0.008547008547008548
Lewis Jackson,Stella Qiu,1,0.008547008547008548
Lewis Jackson,Wayne Cole,1,0.008547008547008548
Luci Ellis,Dame Quentin Bryce,1,0.008547008547008548
Luci Ellis,Gail Kelly,1,0.008547008547008548
Luci Ellis,Julia Gillard,1,0.008547008547008548
Luci Ellis,Justice Susan Kiefel,1,0.008547008547008548
Lukas Coch,Angus Taylor,4,0.03418803418803419
Lukas Coch,Anthony Albanese,8,0.06837606837606838
Lukas Coch,David Gruen,4,0.03418803418803419
Lukas Coch,Gary Ramage,4,0.03418803418803419
Lukas Coch,Jane Hume,4,0.03418803418803419
Lukas Coch,Jenny Wilkinson,4,0.03418803418803419
Lukas Coch,Jim Chalmer,8,0.06837606837606838
Lukas Coch,Karen Barlow,12,0.10256410256410256
Lukas Coch,Keegan Carroll,12,0.10256410256410256
Lukas Coch,Phil Lowe,12,0.10256410256410256
Lukas Coch,Philip Lowe,8,0.06837606837606838
Lukas Coch,Sarah Basford Canales,12,0.10256410256410256
Lukas Coch,Steven Kennedy,4,0.03418803418803419
Luke Hemer,Anthony Albanese,1,0.008547008547008548
Luke Hemer,Don Farrell,1,0.008547008547008548
Luke Hemer,Jim Chalmers,1,0.008547008547008548
Luke Hemer,Tony Mahar,1,0.008547008547008548
Manasseh Sogavare,Anthony Albanese,9,0.07692307692307693
Mark Humphrey-Jenner,Steven Hamilton,10,0.08547008547008547
Mark Kennedy,Anthony Albanese,3,0.02564102564102564
Mark Kennedy,Celia Mendoza,2,0.017094017094017096
Mark Kennedy,Chris Hipkins,3,0.02564102564102564
Mark Kennedy,Fumio Kishida,3,0.02564102564102564
Mark Kennedy,Jorge Agobian,2,0.017094017094017096
Mark Kennedy,Wang Wenbin,3,0.02564102564102564
Mark Kennedy,Yoon Suk Yeol,3,0.02564102564102564
Mark Wood,Ben Stokes,1,0.008547008547008548
Mark Wood,Ben Wallace,1,0.008547008547008548
Mark Wood,Cameron Bancroft,1,0.008547008547008548
Mark Wood,David Warner,1,0.008547008547008548
Mark Wood,Huw Edwards,1,0.008547008547008548
Mark Wood,Joe Biden,1,0.008547008547008548
Mark Wood,Jonny Bairstow,1,0.008547008547008548
Mark Wood,Paulius Peleckis Getty,1,0.008547008547008548
Mark Wood,Shah Rukh Khan,1,0.008547008547008548
Mark Wood,Steve Smith,1,0.008547008547008548
Martin Ollman,Andrew Forrest,1,0.008547008547008548
Martin Ollman,Angus Taylor,4,0.03418803418803419
Martin Ollman,Bob Katter,1,0.008547008547008548
Martin Ollman,Catherine Holmes,1,0.008547008547008548
Martin Ollman,Damian Shaw,1,0.008547008547008548
Martin Ollman,David Crosling,4,0.03418803418803419
Martin Ollman,Jenny Wilkinson,4,0.03418803418803419
Martin Ollman,Karl Stefanovic,4,0.03418803418803419
Martin Ollman,Martin Ollman Deputy,4,0.03418803418803419
Martin Ollman,Nick Mckim,4,0.03418803418803419
Martin Ollman,Nicki Connolly,4,0.03418803418803419
Martin Ollman,Nicola Forrest,1,0.008547008547008548
Martin Ollman,Peter Dutton,5,0.042735042735042736
Martin Ollman,Phil Lowe,4,0.03418803418803419
Martin Ollman,Richard Marles,4,0.03418803418803419
Martin Ollman,Steven Kennedy,4,0.03418803418803419
Martin Ollman,Tim Loh,1,0.008547008547008548
Martin Ollman,Virginia Bell,1,0.008547008547008548
Mary Doyle,Alex Hawke,2,0.017094017094017096
Mary Doyle,Andrew Hirst,2,0.017094017094017096
Mary Doyle,Anthony Albanese,2,0.017094017094017096
Mary Doyle,Jason Falinski,2,0.017094017094017096
Mary Doyle,Jeremy Rockliff,2,0.017094017094017096
Mary Doyle,John Olsen,2,0.017094017094017096
Mary Doyle,John Pesutto,2,0.017094017094017096
Mary Doyle,Kevin Bonham,2,0.017094017094017096
Mary Doyle,Scott Morrison,2,0.017094017094017096
Michael Leifer,Ali Alatas,1,0.008547008547008548
Michael Leifer,Evelyn Goh,1,0.008547008547008548
Michael Leifer,Hasjim Djalal,1,0.008547008547008548
Michael Leifer,Khong Yuen Foong,1,0.008547008547008548
Michael Leifer,Noordin Sopiee,1,0.008547008547008548
Michael Leifer,Paul Evans,1,0.008547008547008548
Michael Leifer,Ralph Cossa,1,0.008547008547008548
Michael Leifer,Rizal Sukma,1,0.008547008547008548
Michele Bullock,Adam Boyton,1,0.008547008547008548
Michele Bullock,Andrew Bragg,1,0.008547008547008548
Michele Bullock,Andrew Forrest,3,0.02564102564102564
Michele Bullock,Andrew Leigh,82,0.7008547008547008
Michele Bullock,Angus Taylor,10,0.08547008547008547
Michele Bullock,Anthony Albanese,116,0.9914529914529915
Michele Bullock,Barack Obama,1,0.008547008547008548
Michele Bullock,Bernie Fraser,2,0.017094017094017096
Michele Bullock,Bob Johnston,1,0.008547008547008548
Michele Bullock,Cassandra Goldie,1,0.008547008547008548
Michele Bullock,Chris Bowen,1,0.008547008547008548
Michele Bullock,Dame Quentin Bryce,1,0.008547008547008548
Michele Bullock,Damian Shaw,1,0.008547008547008548
Michele Bullock,Danielle Wood,1,0.008547008547008548
Michele Bullock,David Crosling,4,0.03418803418803419
Michele Bullock,David Gruen,4,0.03418803418803419
Michele Bullock,Gail Kelly,1,0.008547008547008548
Michele Bullock,Gary Ramage,4,0.03418803418803419
Michele Bullock,Glenn Stevens,2,0.017094017094017096
Michele Bullock,Harry Knight,1,0.008547008547008548
Michele Bullock,Ian Macfarlane,1,0.008547008547008548
Michele Bullock,Innes Willox,1,0.008547008547008548
Michele Bullock,Isaac Gross,81,0.6923076923076923
Michele Bullock,Jane Hume,4,0.03418803418803419
Michele Bullock,Janet Yellen,1,0.008547008547008548
Michele Bullock,Jenny Wilkinson,23,0.19658119658119658
Michele Bullock,Jim Chalmer,12,0.10256410256410256
Michele Bullock,Jim Chalmers,100,0.8547008547008547
Michele Bullock,Jock Phillips,1,0.008547008547008548
Michele Bullock,Jonathan Kearns,1,0.008547008547008548
Michele Bullock,Josh Frydenberg,82,0.7008547008547008
Michele Bullock,Julia Gillard,1,0.008547008547008548
Michele Bullock,Justice Susan Kiefel,1,0.008547008547008548
Michele Bullock,Karen Barlow,12,0.10256410256410256
Michele Bullock,Karl Stefanovic,4,0.03418803418803419
Michele Bullock,Keegan Carroll,93,0.7948717948717948
Michele Bullock,Kevin Spacey,1,0.008547008547008548
Michele Bullock,Kristine Mccartney,1,0.008547008547008548
Michele Bullock,Luci Ellis,1,0.008547008547008548
Michele Bullock,Lukas Coch,13,0.1111111111111111
Michele Bullock,Mark Humphrey-Jenner,10,0.08547008547008547
Michele Bullock,Martin Ollman,6,0.05128205128205128
Michele Bullock,Martin Ollman Deputy,4,0.03418803418803419
Michele Bullock,Michelle Bullock,1,0.008547008547008548
Michele Bullock,Nick Mckim,5,0.042735042735042736
Michele Bullock,Nicki Connolly,4,0.03418803418803419
Michele Bullock,Nicola Forrest,1,0.008547008547008548
Michele Bullock,Penny Wong,1,0.008547008547008548
Michele Bullock,Peter Costello,1,0.008547008547008548
Michele Bullock,Peter Dutton,10,0.08547008547008547
Michele Bullock,Peter King,1,0.008547008547008548
Michele Bullock,Phil Lowe,99,0.8461538461538461
Michele Bullock,Philip Lowe,117,1.0
Michele Bullock,Richard Marles,4,0.03418803418803419
Michele Bullock,Robert Macfarlane,1,0.008547008547008548
Michele Bullock,Russell Lea,1,0.008547008547008548
Michele Bullock,Sally Mcmanus,1,0.008547008547008548
Michele Bullock,Sarah Basford Canales,12,0.10256410256410256
Michele Bullock,Stephen Kennedy,1,0.008547008547008548
Michele Bullock,Steven Hamilton,11,0.09401709401709402
Michele Bullock,Steven Kennedy,22,0.18803418803418803
Michele Bullock,Wang Yi,1,0.008547008547008548
Michelle Bullock,Adam Boyton,1,0.008547008547008548
Michelle Bullock,Andrew Bragg,1,0.008547008547008548
Michelle Bullock,Andrew Forrest,1,0.008547008547008548
Michelle Bullock,Anthony Albanese,2,0.017094017094017096
Michelle Bullock,Barack Obama,1,0.008547008547008548
Michelle Bullock,Bernie Fraser,1,0.008547008547008548
Michelle Bullock,Bob Johnston,1,0.008547008547008548
Michelle Bullock,Dame Quentin Bryce,1,0.008547008547008548
Michelle Bullock,Gail Kelly,1,0.008547008547008548
Michelle Bullock,Glenn Stevens,1,0.008547008547008548
Michelle Bullock,Harry Knight,1,0.008547008547008548
Michelle Bullock,Ian Macfarlane,1,0.008547008547008548
Michelle Bullock,Janet Yellen,1,0.008547008547008548
Michelle Bullock,Jenny Wilkinson,1,0.008547008547008548
Michelle Bullock,Jim Chalmers,1,0.008547008547008548
Michelle Bullock,Jock Phillips,1,0.008547008547008548
Michelle Bullock,Josh Frydenberg,1,0.008547008547008548
Michelle Bullock,Julia Gillard,1,0.008547008547008548
Michelle Bullock,Justice Susan Kiefel,1,0.008547008547008548
Michelle Bullock,Luci Ellis,1,0.008547008547008548
Michelle Bullock,Nick Mckim,1,0.008547008547008548
Michelle Bullock,Peter Costello,1,0.008547008547008548
Michelle Bullock,Peter Dutton,1,0.008547008547008548
Michelle Bullock,Steven Kennedy,1,0.008547008547008548
Nick Mckim,Adam Boyton,1,0.008547008547008548
Nick Mckim,Angus Taylor,4,0.03418803418803419
Nick Mckim,Bob Johnston,1,0.008547008547008548
Nick Mckim,Dame Quentin Bryce,1,0.008547008547008548
Nick Mckim,Gail Kelly,1,0.008547008547008548
Nick Mckim,Glenn Stevens,1,0.008547008547008548
Nick Mckim,Harry Knight,1,0.008547008547008548
Nick Mckim,Ian Macfarlane,1,0.008547008547008548
Nick Mckim,Jenny Wilkinson,4,0.03418803418803419
Nick Mckim,Jock Phillips,1,0.008547008547008548
Nick Mckim,Julia Gillard,1,0.008547008547008548
Nick Mckim,Justice Susan Kiefel,1,0.008547008547008548
Nick Mckim,Karl Stefanovic,4,0.03418803418803419
Nick Mckim,Luci Ellis,1,0.008547008547008548
Nick Mckim,Martin Ollman Deputy,4,0.03418803418803419
Nick Mckim,Nicki Connolly,4,0.03418803418803419
Nick Mckim,Peter Costello,1,0.008547008547008548
Nick Mckim,Peter Dutton,5,0.042735042735042736
Nick Mckim,Phil Lowe,4,0.03418803418803419
Nick Mckim,Richard Marles,4,0.03418803418803419
Nick Mckim,Steven Kennedy,4,0.03418803418803419
Nicki Connolly,Angus Taylor,4,0.03418803418803419
Nicki Connolly,Karl Stefanovic,4,0.03418803418803419
Nicki Connolly,Martin Ollman Deputy,4,0.03418803418803419
Nicki Connolly,Richard Marles,4,0.03418803418803419
Noordin Sopiee,Evelyn Goh,1,0.008547008547008548
Noordin Sopiee,Khong Yuen Foong,1,0.008547008547008548
Noordin Sopiee,Ralph Cossa,1,0.008547008547008548
Noordin Sopiee,Rizal Sukma,1,0.008547008547008548
Oxfam Pacific,Ralph Regenvanu,1,0.008547008547008548
Oxfam Pacific,Scott Morrison,1,0.008547008547008548
Patsy Widakuswara,America Atlantic,1,0.008547008547008548
Patsy Widakuswara,America Pacific,1,0.008547008547008548
Patsy Widakuswara,Anthony Albanese,1,0.008547008547008548
Patsy Widakuswara,Chris Hipkins,1,0.008547008547008548
Patsy Widakuswara,Fumio Kishida,1,0.008547008547008548
Patsy Widakuswara,Jens Stoltenberg,1,0.008547008547008548
Patsy Widakuswara,Joe Biden,1,0.008547008547008548
Patsy Widakuswara,Julianne Smith,1,0.008547008547008548
Patsy Widakuswara,Mark Kennedy,1,0.008547008547008548
Patsy Widakuswara,Wang Wenbin,1,0.008547008547008548
Patsy Widakuswara,Yoon Suk Yeol,1,0.008547008547008548
Paul Evans,Evelyn Goh,1,0.008547008547008548
Paul Evans,Khong Yuen Foong,1,0.008547008547008548
Paul Evans,Noordin Sopiee,1,0.008547008547008548
Paul Evans,Ralph Cossa,1,0.008547008547008548
Paul Evans,Rizal Sukma,1,0.008547008547008548
Paulius Peleckis Getty,Huw Edwards,1,0.008547008547008548
Penny Wong,Andrew Hastie,1,0.008547008547008548
Penny Wong,Anthony Albanese,22,0.18803418803418803
Penny Wong,Cheng Lei,12,0.10256410256410256
Penny Wong,Hong Kong Wong,9,0.07692307692307693
Penny Wong,Kevin Spacey,1,0.008547008547008548
Penny Wong,Kira Rudik,1,0.008547008547008548
Penny Wong,Kristine Mccartney,1,0.008547008547008548
Penny Wong,Manasseh Sogavare,9,0.07692307692307693
Penny Wong,Vasyl Myroshnychenko,1,0.008547008547008548
Penny Wong,Volodomyr Zelenskiy,1,0.008547008547008548
Penny Wong,Wang Yi,21,0.1794871794871795
Penny Wong,Yang Hengjun,12,0.10256410256410256
Peter Costello,Adam Boyton,1,0.008547008547008548
Peter Costello,Bob Johnston,1,0.008547008547008548
Peter Costello,Dame Quentin Bryce,1,0.008547008547008548
Peter Costello,Gail Kelly,1,0.008547008547008548
Peter Costello,Glenn Stevens,1,0.008547008547008548
Peter Costello,Harry Knight,1,0.008547008547008548
Peter Costello,Ian Macfarlane,1,0.008547008547008548
Peter Costello,Jock Phillips,1,0.008547008547008548
Peter Costello,Julia Gillard,1,0.008547008547008548
Peter Costello,Justice Susan Kiefel,1,0.008547008547008548
Peter Costello,Luci Ellis,1,0.008547008547008548
Peter Dutton,Adam Boyton,1,0.008547008547008548
Peter Dutton,Alan Tudge,2,0.017094017094017096
Peter Dutton,Alex Hawke,2,0.017094017094017096
Peter Dutton,Andrew Hirst,2,0.017094017094017096
Peter Dutton,Andrew Whitecross,48,0.41025641025641024
Peter Dutton,Angus Taylor,9,0.07692307692307693
Peter Dutton,Anthony Albanese,3,0.02564102564102564
Peter Dutton,Bob Johnston,1,0.008547008547008548
Peter Dutton,Bob Katter,1,0.008547008547008548
Peter Dutton,Cameron Caldwell,2,0.017094017094017096
Peter Dutton,Catherine Holmes,48,0.41025641025641024
Peter Dutton,Chris Bowen,1,0.008547008547008548
Peter Dutton,Dame Quentin Bryce,1,0.008547008547008548
Peter Dutton,Danielle Wood,1,0.008547008547008548
Peter Dutton,David Gruen,4,0.03418803418803419
Peter Dutton,David Hurley,1,0.008547008547008548
Peter Dutton,Gail Kelly,1,0.008547008547008548
Peter Dutton,Gary Ramage,4,0.03418803418803419
Peter Dutton,Glenn Stevens,1,0.008547008547008548
Peter Dutton,Harry Knight,1,0.008547008547008548
Peter Dutton,Ian Macfarlane,1,0.008547008547008548
Peter Dutton,Innes Willox,1,0.008547008547008548
Peter Dutton,Jack Waterford,48,0.41025641025641024
Peter Dutton,Jane Hume,4,0.03418803418803419
Peter Dutton,Jason Falinski,2,0.017094017094017096
Peter Dutton,Jenny Wilkinson,5,0.042735042735042736
Peter Dutton,Jeremy Rockliff,2,0.017094017094017096
Peter Dutton,Jim Chalmers,1,0.008547008547008548
Peter Dutton,Jock Phillips,1,0.008547008547008548
Peter Dutton,John Olsen,2,0.017094017094017096
Peter Dutton,John Pesutto,2,0.017094017094017096
Peter Dutton,Julia Gillard,1,0.008547008547008548
Peter Dutton,Justice Susan Kiefel,1,0.008547008547008548
Peter Dutton,Karen Barlow,4,0.03418803418803419
Peter Dutton,Karl Stefanovic,4,0.03418803418803419
Peter Dutton,Keegan Carroll,4,0.03418803418803419
Peter Dutton,Kevin Bonham,2,0.017094017094017096
Peter Dutton,Luci Ellis,1,0.008547008547008548
Peter Dutton,Lukas Coch,4,0.03418803418803419
Peter Dutton,Mark Dreyfus,48,0.41025641025641024
Peter Dutton,Martin Ollman Deputy,4,0.03418803418803419
Peter Dutton,Mary Doyle,2,0.017094017094017096
Peter Dutton,Michele Bullock,1,0.008547008547008548
Peter Dutton,Nicki Connolly,4,0.03418803418803419
Peter Dutton,Peter Costello,1,0.008547008547008548
Peter Dutton,Phil Lowe,8,0.06837606837606838
Peter Dutton,Philip Lowe,1,0.008547008547008548
Peter Dutton,Reece Kershaw,48,0.41025641025641024
Peter Dutton,Richard Marles,4,0.03418803418803419
Peter Dutton,Sarah Basford Canales,4,0.03418803418803419
Peter Dutton,Scott Morrison,2,0.017094017094017096
Peter Dutton,Steven Hamilton,1,0.008547008547008548
Peter Dutton,Steven Kennedy,5,0.042735042735042736
Peter Dutton,Thomas Mcilroy,1,0.008547008547008548
Peter Dutton,Virginia Bell,1,0.008547008547008548
Peter King,Andrew Forrest,1,0.008547008547008548
Petr Fiala,Anthony Albanese,1,0.008547008547008548
Petr Fiala,Ben Wallace,1,0.008547008547008548
Petr Fiala,Edi Rama,1,0.008547008547008548
Petr Fiala,James Cleverly,1,0.008547008547008548
Petr Fiala,Yoon Suk Yeol,1,0.008547008547008548
Phil Lowe,Andrew Forrest,1,0.008547008547008548
Phil Lowe,Andrew Leigh,82,0.7008547008547008
Phil Lowe,Angus Taylor,8,0.06837606837606838
Phil Lowe,Anthony Albanese,1,0.008547008547008548
Phil Lowe,Damian Shaw,1,0.008547008547008548
Phil Lowe,Gary Ramage,4,0.03418803418803419
Phil Lowe,Isaac Gross,81,0.6923076923076923
Phil Lowe,Jane Hume,4,0.03418803418803419
Phil Lowe,Jim Chalmers,1,0.008547008547008548
Phil Lowe,Karen Barlow,12,0.10256410256410256
Phil Lowe,Karl Stefanovic,4,0.03418803418803419
Phil Lowe,Keegan Carroll,4,0.03418803418803419
Phil Lowe,Martin Ollman,1,0.008547008547008548
Phil Lowe,Martin Ollman Deputy,4,0.03418803418803419
Phil Lowe,Nicki Connolly,4,0.03418803418803419
Phil Lowe,Nicola Forrest,1,0.008547008547008548
Phil Lowe,Richard Marles,4,0.03418803418803419
Phil Lowe,Sarah Basford Canales,12,0.10256410256410256
Philip Benwell,Chris Minns,1,0.008547008547008548
Philip Benwell,Jim Chalmers,1,0.008547008547008548
Philip Benwell,King Charles,1,0.008547008547008548
Philip Benwell,Queen Elizabeth,1,0.008547008547008548
Philip Lowe,Adam Boyton,1,0.008547008547008548
Philip Lowe,Andrew Bragg,1,0.008547008547008548
Philip Lowe,Andrew Forrest,2,0.017094017094017096
Philip Lowe,Andrew Leigh,82,0.7008547008547008
Philip Lowe,Angus Taylor,10,0.08547008547008547
Philip Lowe,Anthony Albanese,35,0.29914529914529914
Philip Lowe,Barack Obama,1,0.008547008547008548
Philip Lowe,Ben Wallace,2,0.017094017094017096
Philip Lowe,Bernie Fraser,2,0.017094017094017096
Philip Lowe,Bob Johnston,1,0.008547008547008548
Philip Lowe,Bob Katter,1,0.008547008547008548
Philip Lowe,Cassandra Goldie,1,0.008547008547008548
Philip Lowe,Catherine Holmes,1,0.008547008547008548
Philip Lowe,Chris Bowen,1,0.008547008547008548
Philip Lowe,Dame Quentin Bryce,1,0.008547008547008548
Philip Lowe,Danielle Wood,1,0.008547008547008548
Philip Lowe,David Crosling,4,0.03418803418803419
Philip Lowe,David Gruen,4,0.03418803418803419
Philip Lowe,Gail Kelly,1,0.008547008547008548
Philip Lowe,Gary Ramage,4,0.03418803418803419
Philip Lowe,Glenn Stevens,2,0.017094017094017096
Philip Lowe,Harry Knight,1,0.008547008547008548
Philip Lowe,Ian Macfarlane,1,0.008547008547008548
Philip Lowe,Innes Willox,1,0.008547008547008548
Philip Lowe,Isaac Gross,81,0.6923076923076923
Philip Lowe,Jane Hume,4,0.03418803418803419
Philip Lowe,Janet Yellen,1,0.008547008547008548
Philip Lowe,Jenny Wilkinson,23,0.19658119658119658
Philip Lowe,Jeremy Piper,1,0.008547008547008548
Philip Lowe,Jim Chalmers,22,0.18803418803418803
Philip Lowe,Jock Phillips,1,0.008547008547008548
Philip Lowe,Jonathan Kearns,2,0.017094017094017096
Philip Lowe,Josh Frydenberg,1,0.008547008547008548
Philip Lowe,Julia Gillard,1,0.008547008547008548
Philip Lowe,Justice Susan Kiefel,1,0.008547008547008548
Philip Lowe,Karen Barlow,12,0.10256410256410256
Philip Lowe,Karl Stefanovic,4,0.03418803418803419
Philip Lowe,Keegan Carroll,93,0.7948717948717948
Philip Lowe,Kevin Spacey,1,0.008547008547008548
Philip Lowe,Kristine Mccartney,1,0.008547008547008548
Philip Lowe,Luci Ellis,1,0.008547008547008548
Philip Lowe,Lukas Coch,5,0.042735042735042736
Philip Lowe,Mark Humphrey-Jenner,10,0.08547008547008547
Philip Lowe,Martin Ollman,6,0.05128205128205128
Philip Lowe,Martin Ollman Deputy,4,0.03418803418803419
Philip Lowe,Michele Bullock,8,0.06837606837606838
Philip Lowe,Michelle Bullock,2,0.017094017094017096
Philip Lowe,Nick Mckim,5,0.042735042735042736
Philip Lowe,Nicki Connolly,4,0.03418803418803419
Philip Lowe,Penny Wong,1,0.008547008547008548
Philip Lowe,Peter Costello,1,0.008547008547008548
Philip Lowe,Peter Dutton,11,0.09401709401709402
Philip Lowe,Peter King,1,0.008547008547008548
Philip Lowe,Phil Lowe,98,0.8376068376068376
Philip Lowe,Praveen Menon,1,0.008547008547008548
Philip Lowe,Richard Marles,4,0.03418803418803419
Philip Lowe,Robert Macfarlane,1,0.008547008547008548
Philip Lowe,Russell Lea,1,0.008547008547008548
Philip Lowe,Sarah Basford Canales,12,0.10256410256410256
Philip Lowe,Stephen Kennedy,1,0.008547008547008548
Philip Lowe,Steven Hamilton,11,0.09401709401709402
Philip Lowe,Steven Kennedy,22,0.18803418803418803
Philip Lowe,Virginia Bell,1,0.008547008547008548
Philip Lowe,Wang Yi,1,0.008547008547008548
Queen Elizabeth,Chris Minns,1,0.008547008547008548
Queen Elizabeth,Jim Chalmers,1,0.008547008547008548
Ralph Cossa,Evelyn Goh,1,0.008547008547008548
Ralph Cossa,Khong Yuen Foong,1,0.008547008547008548
Ralph Cossa,Rizal Sukma,1,0.008547008547008548
Ralph Regenvanu,Scott Morrison,1,0.008547008547008548
Reece Kershaw,Jack Waterford,48,0.41025641025641024
Reece Kershaw,Mark Dreyfus,48,0.41025641025641024
Richard Marles,Karl Stefanovic,4,0.03418803418803419
Richard Marles,Martin Ollman Deputy,4,0.03418803418803419
Roger Brennan,Andrew Hastie,1,0.008547008547008548
Roger Brennan,Anthony Albanese,1,0.008547008547008548
Roger Brennan,James Peterson,1,0.008547008547008548
Roger Brennan,Simon Birmingham,1,0.008547008547008548
Russell Lea,Adam Boyton,1,0.008547008547008548
Russell Lea,Andrew Bragg,1,0.008547008547008548
Russell Lea,Andrew Forrest,1,0.008547008547008548
Russell Lea,Anthony Albanese,1,0.008547008547008548
Russell Lea,Barack Obama,1,0.008547008547008548
Russell Lea,Bernie Fraser,1,0.008547008547008548
Russell Lea,Bob Johnston,1,0.008547008547008548
Russell Lea,Dame Quentin Bryce,1,0.008547008547008548
Russell Lea,Gail Kelly,1,0.008547008547008548
Russell Lea,Glenn Stevens,1,0.008547008547008548
Russell Lea,Harry Knight,1,0.008547008547008548
Russell Lea,Ian Macfarlane,1,0.008547008547008548
Russell Lea,Janet Yellen,1,0.008547008547008548
Russell Lea,Jenny Wilkinson,1,0.008547008547008548
Russell Lea,Jim Chalmers,1,0.008547008547008548
Russell Lea,Jock Phillips,1,0.008547008547008548
Russell Lea,Josh Frydenberg,1,0.008547008547008548
Russell Lea,Julia Gillard,1,0.008547008547008548
Russell Lea,Justice Susan Kiefel,1,0.008547008547008548
Russell Lea,Luci Ellis,1,0.008547008547008548
Russell Lea,Michelle Bullock,1,0.008547008547008548
Russell Lea,Nick Mckim,1,0.008547008547008548
Russell Lea,Peter Costello,1,0.008547008547008548
Russell Lea,Peter Dutton,1,0.008547008547008548
Russell Lea,Steven Kennedy,1,0.008547008547008548
Russell Webb,Barnaby Joyce,7,0.05982905982905983
Russell Webb,Gareth Gardner,7,0.05982905982905983
Sagat Singh,Anthony Albanese,1,0.008547008547008548
Sagat Singh,Chaminda Vaas,1,0.008547008547008548
Sagat Singh,Jens Stoltenberg,1,0.008547008547008548
Sally Mcmanus,Angus Taylor,1,0.008547008547008548
Sally Mcmanus,Anthony Albanese,1,0.008547008547008548
Sally Mcmanus,Cassandra Goldie,1,0.008547008547008548
Sally Mcmanus,Danielle Wood,1,0.008547008547008548
Sally Mcmanus,Innes Willox,1,0.008547008547008548
Sally Mcmanus,Jenny Wilkinson,1,0.008547008547008548
Sally Mcmanus,Peter Dutton,1,0.008547008547008548
Sally Mcmanus,Philip Lowe,1,0.008547008547008548
Sally Mcmanus,Steven Hamilton,1,0.008547008547008548
Sally Mcmanus,Steven Kennedy,1,0.008547008547008548
Sam Altman,Anthony Albanese,1,0.008547008547008548
Sam Altman,Ed Husic,1,0.008547008547008548
Sarah Basford Canales,Karen Barlow,12,0.10256410256410256
Scott Morrison,Andrew Hirst,2,0.017094017094017096
Scott Morrison,Bob Katter,1,0.008547008547008548
Scott Morrison,Catherine Holmes,1,0.008547008547008548
Scott Morrison,Jason Falinski,2,0.017094017094017096
Scott Morrison,Jeremy Piper,1,0.008547008547008548
Scott Morrison,Jeremy Rockliff,2,0.017094017094017096
Scott Morrison,John Olsen,2,0.017094017094017096
Scott Morrison,John Pesutto,2,0.017094017094017096
Scott Morrison,Josh Frydenberg,1,0.008547008547008548
Scott Morrison,Martin Ollman,2,0.017094017094017096
Scott Morrison,Peter Dutton,1,0.008547008547008548
Scott Morrison,Philip Lowe,1,0.008547008547008548
Scott Morrison,Tim Loh,1,0.008547008547008548
Scott Morrison,Virginia Bell,1,0.008547008547008548
Simon Birmingham,Andrew Hastie,1,0.008547008547008548
Simon Birmingham,Anthony Albanese,1,0.008547008547008548
Simon Birmingham,James Peterson,1,0.008547008547008548
Stella Qiu,Anthony Albanese,1,0.008547008547008548
Stella Qiu,Jim Chalmers,1,0.008547008547008548
Stella Qiu,Jonathan Kearns,1,0.008547008547008548
Stella Qiu,Philip Lowe,1,0.008547008547008548
Stella Qiu,Praveen Menon,1,0.008547008547008548
Stella Qiu,Wayne Cole,1,0.008547008547008548
Stephen Kennedy,Jenny Wilkinson,1,0.008547008547008548
Steve Smith,Ben Stokes,1,0.008547008547008548
Steve Smith,Cameron Bancroft,1,0.008547008547008548
Steve Smith,David Warner,1,0.008547008547008548
Steve Smith,Shah Rukh Khan,1,0.008547008547008548
Steven Hamilton,Danielle Wood,1,0.008547008547008548
Steven Kennedy,Adam Boyton,1,0.008547008547008548
Steven Kennedy,Andrew Bragg,1,0.008547008547008548
Steven Kennedy,Angus Taylor,10,0.08547008547008547
Steven Kennedy,Anthony Albanese,2,0.017094017094017096
Steven Kennedy,Bob Johnston,1,0.008547008547008548
Steven Kennedy,Chris Bowen,1,0.008547008547008548
Steven Kennedy,Dame Quentin Bryce,1,0.008547008547008548
Steven Kennedy,Danielle Wood,1,0.008547008547008548
Steven Kennedy,David Gruen,4,0.03418803418803419
Steven Kennedy,Gail Kelly,1,0.008547008547008548
Steven Kennedy,Gary Ramage,4,0.03418803418803419
Steven Kennedy,Glenn Stevens,1,0.008547008547008548
Steven Kennedy,Harry Knight,1,0.008547008547008548
Steven Kennedy,Ian Macfarlane,1,0.008547008547008548
Steven Kennedy,Innes Willox,1,0.008547008547008548
Steven Kennedy,Jane Hume,4,0.03418803418803419
Steven Kennedy,Jenny Wilkinson,18,0.15384615384615385
Steven Kennedy,Jim Chalmers,11,0.09401709401709402
Steven Kennedy,Jock Phillips,1,0.008547008547008548
Steven Kennedy,Julia Gillard,1,0.008547008547008548
Steven Kennedy,Justice Susan Kiefel,1,0.008547008547008548
Steven Kennedy,Karen Barlow,4,0.03418803418803419
Steven Kennedy,Karl Stefanovic,4,0.03418803418803419
Steven Kennedy,Keegan Carroll,4,0.03418803418803419
Steven Kennedy,Luci Ellis,1,0.008547008547008548
Steven Kennedy,Mark Humphrey-Jenner,10,0.08547008547008547
Steven Kennedy,Martin Ollman Deputy,4,0.03418803418803419
Steven Kennedy,Michele Bullock,1,0.008547008547008548
Steven Kennedy,Nick Mckim,1,0.008547008547008548
Steven Kennedy,Nicki Connolly,4,0.03418803418803419
Steven Kennedy,Peter Costello,1,0.008547008547008548
Steven Kennedy,Peter Dutton,6,0.05128205128205128
Steven Kennedy,Phil Lowe,8,0.06837606837606838
Steven Kennedy,Richard Marles,4,0.03418803418803419
Steven Kennedy,Sarah Basford Canales,4,0.03418803418803419
Steven Kennedy,Steven Hamilton,11,0.09401709401709402
Stuart Robert,Alan Tudge,2,0.017094017094017096
Stuart Robert,Alex Hawke,2,0.017094017094017096
Stuart Robert,Andrew Hirst,2,0.017094017094017096
Stuart Robert,Anthony Albanese,3,0.02564102564102564
Stuart Robert,Cameron Caldwell,2,0.017094017094017096
Stuart Robert,Jason Falinski,2,0.017094017094017096
Stuart Robert,Jeremy Rockliff,2,0.017094017094017096
Stuart Robert,John Olsen,2,0.017094017094017096
Stuart Robert,John Pesutto,2,0.017094017094017096
Stuart Robert,Kevin Bonham,2,0.017094017094017096
Stuart Robert,Mary Doyle,2,0.017094017094017096
Stuart Robert,Peter Dutton,3,0.02564102564102564
Stuart Robert,Scott Morrison,2,0.017094017094017096
Stuart Robert,Thomas Mcilroy,1,0.008547008547008548
Tanya Plibersek,Anthony Albanese,4,0.03418803418803419
Tanya Plibersek,Chuen Cheng,4,0.03418803418803419
Tanya Plibersek,Deborah Bateson,4,0.03418803418803419
Tayyip Erdogan,Anthony Albanese,1,0.008547008547008548
Tayyip Erdogan,Chris Hipkins,1,0.008547008547008548
Tayyip Erdogan,Fumio Kishida,1,0.008547008547008548
Ted Hui,Anna Kwok,1,0.008547008547008548
Ted Hui,Anthony Albanese,1,0.008547008547008548
Ted Hui,Brendan Clift,1,0.008547008547008548
Ted Hui,Dennis Kwok,1,0.008547008547008548
Ted Hui,Finn Lau,1,0.008547008547008548
Ted Hui,Hong Konger,1,0.008547008547008548
Ted Hui,John Lee,1,0.008547008547008548
Vasyl Myroshnychenko,Andrew Hastie,4,0.03418803418803419
Vasyl Myroshnychenko,Anthony Albanese,4,0.03418803418803419
Vasyl Myroshnychenko,Joe Biden,3,0.02564102564102564
Vasyl Myroshnychenko,Justin Trudeau,3,0.02564102564102564
Vasyl Myroshnychenko,Kira Rudik,4,0.03418803418803419
Vasyl Myroshnychenko,Volodomyr Zelenskiy,4,0.03418803418803419
Viktor Shvets,Adam Boyton,1,0.008547008547008548
Viktor Shvets,Anthony Albanese,1,0.008547008547008548
Viktor Shvets,Michele Bullock,1,0.008547008547008548
Viktor Shvets,Philip Lowe,1,0.008547008547008548
Virginia Bell,Bob Katter,1,0.008547008547008548
Vivian Balakrishnan,Ali Alatas,1,0.008547008547008548
Vivian Balakrishnan,Asia Pacific,1,0.008547008547008548
Vivian Balakrishnan,Evelyn Goh,1,0.008547008547008548
Vivian Balakrishnan,Hasjim Djalal,1,0.008547008547008548
Vivian Balakrishnan,Khong Yuen Foong,1,0.008547008547008548
Vivian Balakrishnan,Michael Leifer,1,0.008547008547008548
Vivian Balakrishnan,Noordin Sopiee,1,0.008547008547008548
Vivian Balakrishnan,Paul Evans,1,0.008547008547008548
Vivian Balakrishnan,Ralph Cossa,1,0.008547008547008548
Vivian Balakrishnan,Rizal Sukma,1,0.008547008547008548
Vladimir Putin,Anthony Albanese,1,0.008547008547008548
Vladimir Putin,Ben Wallace,1,0.008547008547008548
Vladimir Putin,Edi Rama,1,0.008547008547008548
Vladimir Putin,James Cleverly,1,0.008547008547008548
Vladimir Putin,Petr Fiala,1,0.008547008547008548
Vladimir Putin,Yoon Suk Yeol,1,0.008547008547008548
Volodomyr Zelenskiy,Andrew Hastie,4,0.03418803418803419
Volodomyr Zelenskiy,Joe Biden,3,0.02564102564102564
Volodomyr Zelenskiy,Justin Trudeau,3,0.02564102564102564
Volodomyr Zelenskiy,Kira Rudik,4,0.03418803418803419
Volodymr Zelensky,Anthony Albanese,1,0.008547008547008548
Volodymr Zelensky,Ben Wallace,1,0.008547008547008548
Volodymr Zelensky,Chris Woakes,1,0.008547008547008548
Volodymr Zelensky,Huw Edwards,1,0.008547008547008548
Volodymr Zelensky,Joe Biden,1,0.008547008547008548
Volodymr Zelensky,Jonny Bairstow,1,0.008547008547008548
Volodymr Zelensky,Mark Wood,1,0.008547008547008548
Volodymr Zelensky,Paulius Peleckis Getty,1,0.008547008547008548
Volodymyr Zelenskiy,Andrew Hastie,3,0.02564102564102564
Volodymyr Zelenskiy,Anthony Albanese,3,0.02564102564102564
Volodymyr Zelenskiy,Joe Biden,3,0.02564102564102564
Volodymyr Zelenskiy,Justin Trudeau,3,0.02564102564102564
Volodymyr Zelenskiy,Kira Rudik,3,0.02564102564102564
Volodymyr Zelenskiy,Vasyl Myroshnychenko,3,0.02564102564102564
Volodymyr Zelenskiy,Volodomyr Zelenskiy,3,0.02564102564102564
Volodymyr Zelensky,Anthony Albanese,2,0.017094017094017096
Volodymyr Zelensky,Chaminda Vaas,1,0.008547008547008548
Volodymyr Zelensky,Chris Hipkins,1,0.008547008547008548
Volodymyr Zelensky,Fumio Kishida,1,0.008547008547008548
Volodymyr Zelensky,Jens Stoltenberg,1,0.008547008547008548
Volodymyr Zelensky,Sagat Singh,1,0.008547008547008548
Volodymyr Zelensky,Tayyip Erdogan,1,0.008547008547008548
Volodymyr Zelenskyy,Anthony Albanese,1,0.008547008547008548
Volodymyr Zelenskyy,Julie Collins,1,0.008547008547008548
Wang Wenbin,Celia Mendoza,2,0.017094017094017096
Wang Wenbin,Jorge Agobian,2,0.017094017094017096
Wang Yi,Anthony Albanese,21,0.1794871794871795
Wang Yi,Cheng Lei,12,0.10256410256410256
Wang Yi,Hong Kong Wong,9,0.07692307692307693
Wang Yi,Kevin Spacey,1,0.008547008547008548
Wang Yi,Kristine Mccartney,1,0.008547008547008548
Wang Yi,Manasseh Sogavare,9,0.07692307692307693
Wang Yi,Penny Wong,1,0.008547008547008548
Wang Yi,Yang Hengjun,12,0.10256410256410256
Wayne Cole,Anthony Albanese,1,0.008547008547008548
Wayne Cole,Jim Chalmers,1,0.008547008547008548
Wayne Cole,Jonathan Kearns,1,0.008547008547008548
Wayne Cole,Philip Lowe,1,0.008547008547008548
Wayne Cole,Praveen Menon,1,0.008547008547008548
Xinhua Michele Bullock,Anthony Albanese,1,0.008547008547008548
Xinhua Michele Bullock,Jim Chalmers,1,0.008547008547008548
Xinhua Michele Bullock,Philip Lowe,1,0.008547008547008548
Yang Hengjun,Anthony Albanese,12,0.10256410256410256
Yang Hengjun,Cheng Lei,9,0.07692307692307693
Yang Hengjun,Hong Kong Wong,9,0.07692307692307693
Yang Hengjun,Ted Hui,1,0.008547008547008548
Yoon Suk Yeol,Anthony Albanese,1,0.008547008547008548
Yoon Suk Yeol,Celia Mendoza,2,0.017094017094017096
Yoon Suk Yeol,Jorge Agobian,2,0.017094017094017096
Yoon Suk Yeol,Wang Wenbin,3,0.02564102564102564
